[2025-11-30 06:08:10] WhatsApp OTP sent successfully | {"http_code":200,"resp":{"messaging_product":"whatsapp","contacts":[{"input":"919096463943","wa_id":"919096463943"}],"messages":[{"id":"wamid.HBgMOTE5MDk2NDYzOTQzFQIAERgSMEREMTNEN0YwNERDNEIxRkM4AA==","message_status":"accepted"}]}}
[2025-11-30 11:08:21] WhatsApp OTP sent successfully | {"http_code":200,"resp":{"messaging_product":"whatsapp","contacts":[{"input":"919096463943","wa_id":"919096463943"}],"messages":[{"id":"wamid.HBgMOTE5MDk2NDYzOTQzFQIAERgSQUZGOUMyQjE5NjMyNzE3NTY3AA==","message_status":"accepted"}]}}
[2025-12-01 11:36:46] WhatsApp OTP sent successfully | {"http_code":200,"resp":{"messaging_product":"whatsapp","contacts":[{"input":"919096463943","wa_id":"919096463943"}],"messages":[{"id":"wamid.HBgMOTE5MDk2NDYzOTQzFQIAERgSREYyRjM0NDI4Njc2RTk5NkIwAA==","message_status":"accepted"}]}}
[2025-12-02 06:34:47] WhatsApp OTP sent successfully | {"http_code":200,"resp":{"messaging_product":"whatsapp","contacts":[{"input":"919096463943","wa_id":"919096463943"}],"messages":[{"id":"wamid.HBgMOTE5MDk2NDYzOTQzFQIAERgSQjhERjlBQjFFQzJCOUM3OTc1AA==","message_status":"accepted"}]}}
[2025-12-02 06:35:15] WhatsApp OTP sent successfully | {"http_code":200,"resp":{"messaging_product":"whatsapp","contacts":[{"input":"919096463943","wa_id":"919096463943"}],"messages":[{"id":"wamid.HBgMOTE5MDk2NDYzOTQzFQIAERgSQkQ2MzFDMTc2OTI5QjQ2MTg3AA==","message_status":"accepted"}]}}
[2025-12-02 06:49:41] WhatsApp OTP sent successfully | {"http_code":200,"resp":{"messaging_product":"whatsapp","contacts":[{"input":"918888845366","wa_id":"918888845366"}],"messages":[{"id":"wamid.HBgMOTE4ODg4ODQ1MzY2FQIAERgSNURDNzdDNTg2NzI4MTYzRkQ0AA==","message_status":"accepted"}]}}
[2025-12-02 11:40:25] WhatsApp OTP sent successfully | {"http_code":200,"resp":{"messaging_product":"whatsapp","contacts":[{"input":"918888845366","wa_id":"918888845366"}],"messages":[{"id":"wamid.HBgMOTE4ODg4ODQ1MzY2FQIAERgSNTBEMjk0QzkyM0Y2MTAyQjQ0AA==","message_status":"accepted"}]}}
[2025-12-02 14:47:00] WhatsApp OTP sent successfully | {"http_code":200,"resp":{"messaging_product":"whatsapp","contacts":[{"input":"919226807651","wa_id":"919226807651"}],"messages":[{"id":"wamid.HBgMOTE5MjI2ODA3NjUxFQIAERgSNEI4OEJCRjBEODlERDZGNzAxAA==","message_status":"accepted"}]}}
[2025-12-05 08:04:08] WhatsApp OTP sent successfully | {"http_code":200,"resp":{"messaging_product":"whatsapp","contacts":[{"input":"919226807651","wa_id":"919226807651"}],"messages":[{"id":"wamid.HBgMOTE5MjI2ODA3NjUxFQIAERgSMkI5QTBCOTU3RTNCRThGQjZDAA==","message_status":"accepted"}]}}
[2025-12-05 09:19:51] WhatsApp OTP sent successfully | {"http_code":200,"resp":{"messaging_product":"whatsapp","contacts":[{"input":"919096463943","wa_id":"919096463943"}],"messages":[{"id":"wamid.HBgMOTE5MDk2NDYzOTQzFQIAERgSOEI4QjI5RTQwNzlBMDRCMDZDAA==","message_status":"accepted"}]}}
[2025-12-10 05:22:09] WhatsApp OTP sent successfully | {"http_code":200,"resp":{"messaging_product":"whatsapp","contacts":[{"input":"919890345644","wa_id":"919890345644"}],"messages":[{"id":"wamid.HBgMOTE5ODkwMzQ1NjQ0FQIAERgSQzZGMjYzQ0YwRTVFMUM1MjcxAA==","message_status":"accepted"}]}}
[2025-12-10 07:36:54] WhatsApp OTP sent successfully | {"http_code":200,"resp":{"messaging_product":"whatsapp","contacts":[{"input":"919890345644","wa_id":"919890345644"}],"messages":[{"id":"wamid.HBgMOTE5ODkwMzQ1NjQ0FQIAERgSMjRCRkRDMEJBNEM2MzlGOUI1AA==","message_status":"accepted"}]}}
[2025-12-10 08:14:41] WhatsApp OTP sent successfully | {"http_code":200,"resp":{"messaging_product":"whatsapp","contacts":[{"input":"919096463943","wa_id":"919096463943"}],"messages":[{"id":"wamid.HBgMOTE5MDk2NDYzOTQzFQIAERgSQzcxNjk2OUMzOEZCODUyOTg0AA==","message_status":"accepted"}]}}
[2025-12-10 09:01:59] WhatsApp OTP sent successfully | {"http_code":200,"resp":{"messaging_product":"whatsapp","contacts":[{"input":"919096463943","wa_id":"919096463943"}],"messages":[{"id":"wamid.HBgMOTE5MDk2NDYzOTQzFQIAERgSMTI3OTk5NDE1MzVCN0RGNEREAA==","message_status":"accepted"}]}}
[2025-12-10 09:40:46] WhatsApp OTP sent successfully | {"http_code":200,"resp":{"messaging_product":"whatsapp","contacts":[{"input":"919890345644","wa_id":"919890345644"}],"messages":[{"id":"wamid.HBgMOTE5ODkwMzQ1NjQ0FQIAERgSRTk4RDBCQTI2MDcwNTFBRjJFAA==","message_status":"accepted"}]}}
[2025-12-10 11:16:03] WhatsApp OTP sent successfully | {"http_code":200,"resp":{"messaging_product":"whatsapp","contacts":[{"input":"919890345644","wa_id":"919890345644"}],"messages":[{"id":"wamid.HBgMOTE5ODkwMzQ1NjQ0FQIAERgSMzNBOUQ4NzY5Qjg5N0YxNUFBAA==","message_status":"accepted"}]}}
[2025-12-10 11:25:23] WhatsApp OTP sent successfully | {"http_code":200,"resp":{"messaging_product":"whatsapp","contacts":[{"input":"919096463943","wa_id":"919096463943"}],"messages":[{"id":"wamid.HBgMOTE5MDk2NDYzOTQzFQIAERgSQjdDREQyNDBDRDcwM0I0M0REAA==","message_status":"accepted"}]}}
[2025-12-10 14:59:41] WhatsApp OTP sent successfully | {"http_code":200,"resp":{"messaging_product":"whatsapp","contacts":[{"input":"919096989461","wa_id":"919096989461"}],"messages":[{"id":"wamid.HBgMOTE5MDk2OTg5NDYxFQIAERgSRjdCNDMxRjk0QTYxMTk5NDNDAA==","message_status":"accepted"}]}}
[2025-12-10 15:04:14] WhatsApp OTP sent successfully | {"http_code":200,"resp":{"messaging_product":"whatsapp","contacts":[{"input":"918888845366","wa_id":"918888845366"}],"messages":[{"id":"wamid.HBgMOTE4ODg4ODQ1MzY2FQIAERgSREQ1OTExNEMyMTFFODE4ODRFAA==","message_status":"accepted"}]}}
[2025-12-10 15:08:46] WhatsApp OTP sent successfully | {"http_code":200,"resp":{"messaging_product":"whatsapp","contacts":[{"input":"919096463943","wa_id":"919096463943"}],"messages":[{"id":"wamid.HBgMOTE5MDk2NDYzOTQzFQIAERgSODY1NDlDNkQxNjg2QTU5RTk5AA==","message_status":"accepted"}]}}
[2025-12-10 15:57:39] WhatsApp OTP sent successfully | {"http_code":200,"resp":{"messaging_product":"whatsapp","contacts":[{"input":"919096463943","wa_id":"919096463943"}],"messages":[{"id":"wamid.HBgMOTE5MDk2NDYzOTQzFQIAERgSMjM5Qzg4MEUyOEUwOTE0QTQ1AA==","message_status":"accepted"}]}}
[2025-12-10 15:58:21] WhatsApp OTP sent successfully | {"http_code":200,"resp":{"messaging_product":"whatsapp","contacts":[{"input":"919096463943","wa_id":"919096463943"}],"messages":[{"id":"wamid.HBgMOTE5MDk2NDYzOTQzFQIAERgSOUY2MEQ5M0YzRkY2MTU4N0YyAA==","message_status":"accepted"}]}}
[2025-12-11 04:41:19] WhatsApp OTP sent successfully | {"http_code":200,"resp":{"messaging_product":"whatsapp","contacts":[{"input":"919096463943","wa_id":"919096463943"}],"messages":[{"id":"wamid.HBgMOTE5MDk2NDYzOTQzFQIAERgSMDI5MDRGNzlEMjk5RDA4NTNEAA==","message_status":"accepted"}]}}
[2025-12-11 08:31:52] WhatsApp OTP sent successfully | {"http_code":200,"resp":{"messaging_product":"whatsapp","contacts":[{"input":"919096463943","wa_id":"919096463943"}],"messages":[{"id":"wamid.HBgMOTE5MDk2NDYzOTQzFQIAERgSNEVFMUYxRTIyMEM0M0I2RTgxAA==","message_status":"accepted"}]}}
[2025-12-11 09:21:28] WhatsApp OTP sent successfully | {"http_code":200,"resp":{"messaging_product":"whatsapp","contacts":[{"input":"919890345644","wa_id":"919890345644"}],"messages":[{"id":"wamid.HBgMOTE5ODkwMzQ1NjQ0FQIAERgSRDcxOUIzNDJCOEJCMjJDQjBCAA==","message_status":"accepted"}]}}
[2025-12-11 10:29:50] WhatsApp OTP sent successfully | {"http_code":200,"resp":{"messaging_product":"whatsapp","contacts":[{"input":"919096463943","wa_id":"919096463943"}],"messages":[{"id":"wamid.HBgMOTE5MDk2NDYzOTQzFQIAERgSNEUxNzg5QzRBOEEwN0NEMDFFAA==","message_status":"accepted"}]}}
[2025-12-11 11:45:15] WhatsApp OTP sent successfully | {"http_code":200,"resp":{"messaging_product":"whatsapp","contacts":[{"input":"919096463943","wa_id":"919096463943"}],"messages":[{"id":"wamid.HBgMOTE5MDk2NDYzOTQzFQIAERgSMjM5Q0Y4MDNERkRCM0MyMEVDAA==","message_status":"accepted"}]}}
[2025-12-11 11:58:12] WhatsApp OTP sent successfully | {"http_code":200,"resp":{"messaging_product":"whatsapp","contacts":[{"input":"919096463943","wa_id":"919096463943"}],"messages":[{"id":"wamid.HBgMOTE5MDk2NDYzOTQzFQIAERgSNjRDMDNBMzI2RkMxRDQ0QzU3AA==","message_status":"accepted"}]}}
[2025-12-11 12:39:29] WhatsApp OTP sent successfully | {"http_code":200,"resp":{"messaging_product":"whatsapp","contacts":[{"input":"919890345644","wa_id":"919890345644"}],"messages":[{"id":"wamid.HBgMOTE5ODkwMzQ1NjQ0FQIAERgSMUZBOTk3MjA0RkM0RDg5QzY2AA==","message_status":"accepted"}]}}
[2025-12-11 12:45:20] WhatsApp OTP sent successfully | {"http_code":200,"resp":{"messaging_product":"whatsapp","contacts":[{"input":"919096463943","wa_id":"919096463943"}],"messages":[{"id":"wamid.HBgMOTE5MDk2NDYzOTQzFQIAERgSMEM2RjMxRTRCREQ0NTlDREREAA==","message_status":"accepted"}]}}
[2025-12-11 13:11:55] WhatsApp OTP sent successfully | {"http_code":200,"resp":{"messaging_product":"whatsapp","contacts":[{"input":"919226807651","wa_id":"919226807651"}],"messages":[{"id":"wamid.HBgMOTE5MjI2ODA3NjUxFQIAERgSNUQxODc1QUFFN0YzQkExNUFFAA==","message_status":"accepted"}]}}
[2025-12-11 13:36:43] WhatsApp OTP sent successfully | {"http_code":200,"resp":{"messaging_product":"whatsapp","contacts":[{"input":"919226807651","wa_id":"919226807651"}],"messages":[{"id":"wamid.HBgMOTE5MjI2ODA3NjUxFQIAERgSRkNGNjgxNjczNjNCMjVDRDMxAA==","message_status":"accepted"}]}}
[2025-12-11 15:06:15] WhatsApp OTP sent successfully | {"http_code":200,"resp":{"messaging_product":"whatsapp","contacts":[{"input":"919096989461","wa_id":"919096989461"}],"messages":[{"id":"wamid.HBgMOTE5MDk2OTg5NDYxFQIAERgSQTIyNENENjE1RjE3OTYxMEMwAA==","message_status":"accepted"}]}}
[2025-12-12 08:52:55] WhatsApp OTP sent successfully | {"http_code":200,"resp":{"messaging_product":"whatsapp","contacts":[{"input":"919890345644","wa_id":"919890345644"}],"messages":[{"id":"wamid.HBgMOTE5ODkwMzQ1NjQ0FQIAERgSQzM0RTNDQTQwQkZDQzA0REE3AA==","message_status":"accepted"}]}}
[2025-12-12 13:08:48] WhatsApp OTP sent successfully | {"http_code":200,"resp":{"messaging_product":"whatsapp","contacts":[{"input":"919096463943","wa_id":"919096463943"}],"messages":[{"id":"wamid.HBgMOTE5MDk2NDYzOTQzFQIAERgSOUYwNzUyNjBFQkIyQjgwMTZCAA==","message_status":"accepted"}]}}
[2025-12-12 14:30:31] WhatsApp OTP sent successfully | {"http_code":200,"resp":{"messaging_product":"whatsapp","contacts":[{"input":"919096463943","wa_id":"919096463943"}],"messages":[{"id":"wamid.HBgMOTE5MDk2NDYzOTQzFQIAERgSOTVBREJBQzhFNUVGNjU1QUNCAA==","message_status":"accepted"}]}}
[2025-12-13 05:01:38] WhatsApp OTP sent successfully | {"http_code":200,"resp":{"messaging_product":"whatsapp","contacts":[{"input":"919096463943","wa_id":"919096463943"}],"messages":[{"id":"wamid.HBgMOTE5MDk2NDYzOTQzFQIAERgSNTlFRjFCOEEyQjI3MDA2Rjg0AA==","message_status":"accepted"}]}}
[2025-12-13 06:09:13] WhatsApp OTP sent successfully | {"http_code":200,"resp":{"messaging_product":"whatsapp","contacts":[{"input":"919096463943","wa_id":"919096463943"}],"messages":[{"id":"wamid.HBgMOTE5MDk2NDYzOTQzFQIAERgSQjIxMUM3QzRCRTRDNzQ1RjQ3AA==","message_status":"accepted"}]}}
[2025-12-13 10:10:08] WhatsApp OTP sent successfully | {"http_code":200,"resp":{"messaging_product":"whatsapp","contacts":[{"input":"919096463943","wa_id":"919096463943"}],"messages":[{"id":"wamid.HBgMOTE5MDk2NDYzOTQzFQIAERgSNDBGMjY2ODVFODAwNEQ0QUE2AA==","message_status":"accepted"}]}}
[2025-12-14 05:46:51] WhatsApp OTP sent successfully | {"http_code":200,"resp":{"messaging_product":"whatsapp","contacts":[{"input":"919096463943","wa_id":"919096463943"}],"messages":[{"id":"wamid.HBgMOTE5MDk2NDYzOTQzFQIAERgSNEJCN0I5NDU0MjY4Rjg2NTBGAA==","message_status":"accepted"}]}}
[2025-12-14 05:47:37] WhatsApp OTP sent successfully | {"http_code":200,"resp":{"messaging_product":"whatsapp","contacts":[{"input":"919096463943","wa_id":"919096463943"}],"messages":[{"id":"wamid.HBgMOTE5MDk2NDYzOTQzFQIAERgSQkY5NEE1Rjg5QkUzODQyMTE4AA==","message_status":"accepted"}]}}
[2025-12-14 08:27:58] WhatsApp OTP sent successfully | {"http_code":200,"resp":{"messaging_product":"whatsapp","contacts":[{"input":"919096989461","wa_id":"919096989461"}],"messages":[{"id":"wamid.HBgMOTE5MDk2OTg5NDYxFQIAERgSN0QwMjZDRTc1NTc2QUY4QjQyAA==","message_status":"accepted"}]}}
[2025-12-15 03:26:16] WhatsApp OTP sent successfully | {"http_code":200,"resp":{"messaging_product":"whatsapp","contacts":[{"input":"919096463943","wa_id":"919096463943"}],"messages":[{"id":"wamid.HBgMOTE5MDk2NDYzOTQzFQIAERgSREQyMTJBM0U1MDlDODYxMEMyAA==","message_status":"accepted"}]}}
[2025-12-15 04:58:12] WhatsApp OTP sent successfully | {"http_code":200,"resp":{"messaging_product":"whatsapp","contacts":[{"input":"919890345644","wa_id":"919890345644"}],"messages":[{"id":"wamid.HBgMOTE5ODkwMzQ1NjQ0FQIAERgSQzFGNkI0MTc5ODBGQTZBRTk0AA==","message_status":"accepted"}]}}
[2025-12-15 08:14:37] WhatsApp OTP sent successfully | {"http_code":200,"resp":{"messaging_product":"whatsapp","contacts":[{"input":"919096463943","wa_id":"919096463943"}],"messages":[{"id":"wamid.HBgMOTE5MDk2NDYzOTQzFQIAERgSNDVBMjJFOEI3RTc5QkJGNEM4AA==","message_status":"accepted"}]}}
[2025-12-15 15:02:18] WhatsApp OTP sent successfully | {"http_code":200,"resp":{"messaging_product":"whatsapp","contacts":[{"input":"919890345644","wa_id":"919890345644"}],"messages":[{"id":"wamid.HBgMOTE5ODkwMzQ1NjQ0FQIAERgSNTdCQzMzMUFCNEE1REU5OTVCAA==","message_status":"accepted"}]}}
[2025-12-16 05:30:09] WhatsApp OTP sent successfully | {"http_code":200,"resp":{"messaging_product":"whatsapp","contacts":[{"input":"919890345644","wa_id":"919890345644"}],"messages":[{"id":"wamid.HBgMOTE5ODkwMzQ1NjQ0FQIAERgSNjdCODYwNzMzNDg1QjJDOUFCAA==","message_status":"accepted"}]}}
[2025-12-16 11:38:50] WhatsApp OTP sent successfully | {"http_code":200,"resp":{"messaging_product":"whatsapp","contacts":[{"input":"919890345644","wa_id":"919890345644"}],"messages":[{"id":"wamid.HBgMOTE5ODkwMzQ1NjQ0FQIAERgSQ0Y1OTc2MkE5NzM2RTI5Rjc0AA==","message_status":"accepted"}]}}
[2025-12-17 01:17:22] WhatsApp OTP sent successfully | {"http_code":200,"resp":{"messaging_product":"whatsapp","contacts":[{"input":"919096989461","wa_id":"919096989461"}],"messages":[{"id":"wamid.HBgMOTE5MDk2OTg5NDYxFQIAERgSNDQyOEFFQkREMjJDNzI3RENFAA==","message_status":"accepted"}]}}
[2025-12-17 05:58:55] WhatsApp OTP sent successfully | {"http_code":200,"resp":{"messaging_product":"whatsapp","contacts":[{"input":"919890345644","wa_id":"919890345644"}],"messages":[{"id":"wamid.HBgMOTE5ODkwMzQ1NjQ0FQIAERgSQ0Q1NUU4OEIwMDNENzQyNEIxAA==","message_status":"accepted"}]}}
[2025-12-17 15:30:12] WhatsApp OTP sent successfully | {"http_code":200,"resp":{"messaging_product":"whatsapp","contacts":[{"input":"919890345644","wa_id":"919890345644"}],"messages":[{"id":"wamid.HBgMOTE5ODkwMzQ1NjQ0FQIAERgSNzc0QzRFRUE1REFBNUI5QzVCAA==","message_status":"accepted"}]}}
[2025-12-18 05:56:39] WhatsApp OTP sent successfully | {"http_code":200,"resp":{"messaging_product":"whatsapp","contacts":[{"input":"919890345644","wa_id":"919890345644"}],"messages":[{"id":"wamid.HBgMOTE5ODkwMzQ1NjQ0FQIAERgSQkI4RDlBQzg0QUVFNDM4RjJGAA==","message_status":"accepted"}]}}
[2025-12-18 08:41:49] WhatsApp OTP sent successfully | {"http_code":200,"resp":{"messaging_product":"whatsapp","contacts":[{"input":"919096463943","wa_id":"919096463943"}],"messages":[{"id":"wamid.HBgMOTE5MDk2NDYzOTQzFQIAERgSMUIxNkI1N0ZCNThBMEEzMkI3AA==","message_status":"accepted"}]}}
[2025-12-18 09:23:10] WhatsApp OTP sent successfully | {"http_code":200,"resp":{"messaging_product":"whatsapp","contacts":[{"input":"919096989461","wa_id":"919096989461"}],"messages":[{"id":"wamid.HBgMOTE5MDk2OTg5NDYxFQIAERgSNjJGNjBCQ0YxMTlEMTY3MjhCAA==","message_status":"accepted"}]}}
[2025-12-18 14:35:35] WhatsApp OTP sent successfully | {"http_code":200,"resp":{"messaging_product":"whatsapp","contacts":[{"input":"919890345644","wa_id":"919890345644"}],"messages":[{"id":"wamid.HBgMOTE5ODkwMzQ1NjQ0FQIAERgSMDEyODM1NzRFRUQ3N0EwNzhFAA==","message_status":"accepted"}]}}
[2025-12-19 05:19:30] WhatsApp OTP sent successfully | {"http_code":200,"resp":{"messaging_product":"whatsapp","contacts":[{"input":"919890345644","wa_id":"919890345644"}],"messages":[{"id":"wamid.HBgMOTE5ODkwMzQ1NjQ0FQIAERgSMTcxRjY5NjVFOTFBRDBGODNGAA==","message_status":"accepted"}]}}
[2025-12-20 12:59:39] WhatsApp OTP sent successfully | {"http_code":200,"resp":{"messaging_product":"whatsapp","contacts":[{"input":"919890345644","wa_id":"919890345644"}],"messages":[{"id":"wamid.HBgMOTE5ODkwMzQ1NjQ0FQIAERgSNEQwNERCRTY1QUJDRTFDOTFFAA==","message_status":"accepted"}]}}
[2025-12-21 04:11:55] WhatsApp OTP sent successfully | {"http_code":200,"resp":{"messaging_product":"whatsapp","contacts":[{"input":"919890345644","wa_id":"919890345644"}],"messages":[{"id":"wamid.HBgMOTE5ODkwMzQ1NjQ0FQIAERgSRkQ5RjdENDlENDFENUQwRDJGAA==","message_status":"accepted"}]}}
[2025-12-22 06:33:06] WhatsApp OTP sent successfully | {"http_code":200,"resp":{"messaging_product":"whatsapp","contacts":[{"input":"919890345644","wa_id":"919890345644"}],"messages":[{"id":"wamid.HBgMOTE5ODkwMzQ1NjQ0FQIAERgSNTA0RTVFMjg2RDcxRDRGMzBBAA==","message_status":"accepted"}]}}
[2025-12-23 05:47:16] WhatsApp OTP sent successfully | {"http_code":200,"resp":{"messaging_product":"whatsapp","contacts":[{"input":"919890345644","wa_id":"919890345644"}],"messages":[{"id":"wamid.HBgMOTE5ODkwMzQ1NjQ0FQIAERgSOTcyREQ4M0Q4MEQxRjVGOUFCAA==","message_status":"accepted"}]}}
[2025-12-23 07:36:37] WhatsApp OTP sent successfully | {"http_code":200,"resp":{"messaging_product":"whatsapp","contacts":[{"input":"919890345644","wa_id":"919890345644"}],"messages":[{"id":"wamid.HBgMOTE5ODkwMzQ1NjQ0FQIAERgSOEI0NUY2QjU2NEFEM0Y5RjQ3AA==","message_status":"accepted"}]}}
[2025-12-23 09:13:43] WhatsApp OTP sent successfully | {"http_code":200,"resp":{"messaging_product":"whatsapp","contacts":[{"input":"919890345644","wa_id":"919890345644"}],"messages":[{"id":"wamid.HBgMOTE5ODkwMzQ1NjQ0FQIAERgSNzhGRTkzRkZFOUM2MDhGN0Y2AA==","message_status":"accepted"}]}}
[2025-12-23 12:03:54] WhatsApp OTP sent successfully | {"http_code":200,"resp":{"messaging_product":"whatsapp","contacts":[{"input":"918888845366","wa_id":"918888845366"}],"messages":[{"id":"wamid.HBgMOTE4ODg4ODQ1MzY2FQIAERgSOEVGODU5OTc1NjUyMjQ3MDdBAA==","message_status":"accepted"}]}}
[2025-12-23 14:07:54] WhatsApp OTP sent successfully | {"http_code":200,"resp":{"messaging_product":"whatsapp","contacts":[{"input":"919890345644","wa_id":"919890345644"}],"messages":[{"id":"wamid.HBgMOTE5ODkwMzQ1NjQ0FQIAERgSNTFDM0RGOEIyNDBGQjg4RUJGAA==","message_status":"accepted"}]}}
[2025-12-23 15:25:50] WhatsApp OTP sent successfully | {"http_code":200,"resp":{"messaging_product":"whatsapp","contacts":[{"input":"919096463943","wa_id":"919096463943"}],"messages":[{"id":"wamid.HBgMOTE5MDk2NDYzOTQzFQIAERgSNjIwMkJFN0I4M0RFRUVGRTE1AA==","message_status":"accepted"}]}}
[2025-12-23 16:09:14] WhatsApp OTP sent successfully | {"http_code":200,"resp":{"messaging_product":"whatsapp","contacts":[{"input":"919890345644","wa_id":"919890345644"}],"messages":[{"id":"wamid.HBgMOTE5ODkwMzQ1NjQ0FQIAERgSNkMyREFGNTcwRDNBQjA4NTU2AA==","message_status":"accepted"}]}}
[2025-12-24 05:14:33] WhatsApp OTP sent successfully | {"http_code":200,"resp":{"messaging_product":"whatsapp","contacts":[{"input":"919096463943","wa_id":"919096463943"}],"messages":[{"id":"wamid.HBgMOTE5MDk2NDYzOTQzFQIAERgSQzI2MkRCQTU5ODU4MzA0MjA3AA==","message_status":"accepted"}]}}
[2025-12-24 05:19:56] WhatsApp OTP sent successfully | {"http_code":200,"resp":{"messaging_product":"whatsapp","contacts":[{"input":"919096463943","wa_id":"919096463943"}],"messages":[{"id":"wamid.HBgMOTE5MDk2NDYzOTQzFQIAERgSQTdDMDhBRjA1NkQyRUE1RUY1AA==","message_status":"accepted"}]}}
[2025-12-24 07:27:11] WhatsApp OTP sent successfully | {"http_code":200,"resp":{"messaging_product":"whatsapp","contacts":[{"input":"919890345644","wa_id":"919890345644"}],"messages":[{"id":"wamid.HBgMOTE5ODkwMzQ1NjQ0FQIAERgSQTE0OUNCRjc4RkJGMTJFNzc3AA==","message_status":"accepted"}]}}
[2025-12-24 09:49:57] WhatsApp OTP sent successfully | {"http_code":200,"resp":{"messaging_product":"whatsapp","contacts":[{"input":"919890345644","wa_id":"919890345644"}],"messages":[{"id":"wamid.HBgMOTE5ODkwMzQ1NjQ0FQIAERgSMDNEOTAwM0VENTU5ODFCNjEyAA==","message_status":"accepted"}]}}
[2025-12-24 09:52:48] WhatsApp OTP sent successfully | {"http_code":200,"resp":{"messaging_product":"whatsapp","contacts":[{"input":"918888845366","wa_id":"918888845366"}],"messages":[{"id":"wamid.HBgMOTE4ODg4ODQ1MzY2FQIAERgSM0NBRDFFQzAwOTZCNEM0OTkyAA==","message_status":"accepted"}]}}
[2025-12-24 16:14:27] WhatsApp OTP sent successfully | {"http_code":200,"resp":{"messaging_product":"whatsapp","contacts":[{"input":"919890345644","wa_id":"919890345644"}],"messages":[{"id":"wamid.HBgMOTE5ODkwMzQ1NjQ0FQIAERgSQzJEQTU4MkQxNkIxMTE1QkRBAA==","message_status":"accepted"}]}}
[2025-12-25 05:39:46] WhatsApp OTP sent successfully | {"http_code":200,"resp":{"messaging_product":"whatsapp","contacts":[{"input":"919890345644","wa_id":"919890345644"}],"messages":[{"id":"wamid.HBgMOTE5ODkwMzQ1NjQ0FQIAERgSRDQ1NTcxNzE5MTQxNjdENzI3AA==","message_status":"accepted"}]}}
[2025-12-25 14:58:04] WhatsApp OTP sent successfully | {"http_code":200,"resp":{"messaging_product":"whatsapp","contacts":[{"input":"919890345644","wa_id":"919890345644"}],"messages":[{"id":"wamid.HBgMOTE5ODkwMzQ1NjQ0FQIAERgSQTkyOTJFNDQxMUE5NTNBOUYyAA==","message_status":"accepted"}]}}
[2025-12-25 15:03:52] WhatsApp OTP sent successfully | {"http_code":200,"resp":{"messaging_product":"whatsapp","contacts":[{"input":"919096463943","wa_id":"919096463943"}],"messages":[{"id":"wamid.HBgMOTE5MDk2NDYzOTQzFQIAERgSNUUyNzZBQkRBRTg2RThGNjRCAA==","message_status":"accepted"}]}}
[2025-12-28 02:49:00] WhatsApp OTP sent successfully | {"http_code":200,"resp":{"messaging_product":"whatsapp","contacts":[{"input":"919226807651","wa_id":"919226807651"}],"messages":[{"id":"wamid.HBgMOTE5MjI2ODA3NjUxFQIAERgSMjBEQUUxNURDMDYxMkY0RTQ4AA==","message_status":"accepted"}]}}
[2025-12-28 09:09:08] WhatsApp OTP sent successfully | {"http_code":200,"resp":{"messaging_product":"whatsapp","contacts":[{"input":"919890345644","wa_id":"919890345644"}],"messages":[{"id":"wamid.HBgMOTE5ODkwMzQ1NjQ0FQIAERgSRDVDQjAxQkQyM0MyMkYyMzNBAA==","message_status":"accepted"}]}}
[2025-12-28 14:00:54] WhatsApp OTP sent successfully | {"http_code":200,"resp":{"messaging_product":"whatsapp","contacts":[{"input":"919096463943","wa_id":"919096463943"}],"messages":[{"id":"wamid.HBgMOTE5MDk2NDYzOTQzFQIAERgSMjQ4NzA3M0FDREU3RTAyMUFCAA==","message_status":"accepted"}]}}
[2025-12-29 05:17:55] WhatsApp OTP sent successfully | {"http_code":200,"resp":{"messaging_product":"whatsapp","contacts":[{"input":"919096989461","wa_id":"919096989461"}],"messages":[{"id":"wamid.HBgMOTE5MDk2OTg5NDYxFQIAERgSM0MzMjQyQjRGRkVBRjFGRjZEAA==","message_status":"accepted"}]}}
[2025-12-29 06:34:00] WhatsApp OTP sent successfully | {"http_code":200,"resp":{"messaging_product":"whatsapp","contacts":[{"input":"919890345644","wa_id":"919890345644"}],"messages":[{"id":"wamid.HBgMOTE5ODkwMzQ1NjQ0FQIAERgSQTYxOUQwMEExQ0IyN0Q1NzE1AA==","message_status":"accepted"}]}}
[2025-12-29 08:58:14] WhatsApp OTP sent successfully | {"http_code":200,"resp":{"messaging_product":"whatsapp","contacts":[{"input":"919890345644","wa_id":"919890345644"}],"messages":[{"id":"wamid.HBgMOTE5ODkwMzQ1NjQ0FQIAERgSNDQwRUMxOEEzRkRGQ0U2QjlBAA==","message_status":"accepted"}]}}
[2025-12-29 11:39:59] WhatsApp OTP sent successfully | {"http_code":200,"resp":{"messaging_product":"whatsapp","contacts":[{"input":"919226807651","wa_id":"919226807651"}],"messages":[{"id":"wamid.HBgMOTE5MjI2ODA3NjUxFQIAERgSQzQzRjJGNUFEMjU1MjYxOTAwAA==","message_status":"accepted"}]}}
[2025-12-30 08:46:30] WhatsApp OTP sent successfully | {"http_code":200,"resp":{"messaging_product":"whatsapp","contacts":[{"input":"919890345644","wa_id":"919890345644"}],"messages":[{"id":"wamid.HBgMOTE5ODkwMzQ1NjQ0FQIAERgSRTNDREQyNTBCQ0E3MzA4OUNDAA==","message_status":"accepted"}]}}
[2025-12-30 11:23:26] WhatsApp OTP sent successfully | {"http_code":200,"resp":{"messaging_product":"whatsapp","contacts":[{"input":"919890345644","wa_id":"919890345644"}],"messages":[{"id":"wamid.HBgMOTE5ODkwMzQ1NjQ0FQIAERgSMEI3QUZCM0QxMzhDRkMyNUU2AA==","message_status":"accepted"}]}}
[2025-12-30 16:48:55] WhatsApp OTP sent successfully | {"http_code":200,"resp":{"messaging_product":"whatsapp","contacts":[{"input":"919890345644","wa_id":"919890345644"}],"messages":[{"id":"wamid.HBgMOTE5ODkwMzQ1NjQ0FQIAERgSNTg5MDg5MDc4NzA0NTE5MEIyAA==","message_status":"accepted"}]}}
[2025-12-31 07:36:23] WhatsApp OTP sent successfully | {"http_code":200,"resp":{"messaging_product":"whatsapp","contacts":[{"input":"919096463943","wa_id":"919096463943"}],"messages":[{"id":"wamid.HBgMOTE5MDk2NDYzOTQzFQIAERgSMDM4MkJBNkI0QzMyNjRDOEQ3AA==","message_status":"accepted"}]}}
[2025-12-31 08:31:49] WhatsApp OTP sent successfully | {"http_code":200,"resp":{"messaging_product":"whatsapp","contacts":[{"input":"919096463943","wa_id":"919096463943"}],"messages":[{"id":"wamid.HBgMOTE5MDk2NDYzOTQzFQIAERgSRkJCRkI2QjYwOEVCRTU1QTY1AA==","message_status":"accepted"}]}}
[2025-12-31 08:38:06] WhatsApp OTP sent successfully | {"http_code":200,"resp":{"messaging_product":"whatsapp","contacts":[{"input":"919096463943","wa_id":"919096463943"}],"messages":[{"id":"wamid.HBgMOTE5MDk2NDYzOTQzFQIAERgSREZFQzFCRjA1MERFRDQwRTI4AA==","message_status":"accepted"}]}}
[2025-12-31 09:04:47] WhatsApp OTP sent successfully | {"http_code":200,"resp":{"messaging_product":"whatsapp","contacts":[{"input":"919890345644","wa_id":"919890345644"}],"messages":[{"id":"wamid.HBgMOTE5ODkwMzQ1NjQ0FQIAERgSMDRBQ0Y1M0ZCOTdGQ0VFMTBGAA==","message_status":"accepted"}]}}
[2025-12-31 09:11:26] WhatsApp OTP sent successfully | {"http_code":200,"resp":{"messaging_product":"whatsapp","contacts":[{"input":"919890345644","wa_id":"919890345644"}],"messages":[{"id":"wamid.HBgMOTE5ODkwMzQ1NjQ0FQIAERgSM0ZDREY3RDNFRjdDQ0QwMzk0AA==","message_status":"accepted"}]}}
[2025-12-31 09:13:36] WhatsApp OTP sent successfully | {"http_code":200,"resp":{"messaging_product":"whatsapp","contacts":[{"input":"919226807651","wa_id":"919226807651"}],"messages":[{"id":"wamid.HBgMOTE5MjI2ODA3NjUxFQIAERgSQzUxOTFGODEwQzNFMDYxMEY4AA==","message_status":"accepted"}]}}
[2025-12-31 09:18:35] WhatsApp OTP sent successfully | {"http_code":200,"resp":{"messaging_product":"whatsapp","contacts":[{"input":"919096463943","wa_id":"919096463943"}],"messages":[{"id":"wamid.HBgMOTE5MDk2NDYzOTQzFQIAERgSMTJDRUZDMDAwM0JCQUEyQUREAA==","message_status":"accepted"}]}}
[2025-12-31 16:44:42] WhatsApp OTP sent successfully | {"http_code":200,"resp":{"messaging_product":"whatsapp","contacts":[{"input":"919096463943","wa_id":"919096463943"}],"messages":[{"id":"wamid.HBgMOTE5MDk2NDYzOTQzFQIAERgSQzJEQTlBNUVDQzI3RDhDNUJCAA==","message_status":"accepted"}]}}
[2026-01-01 05:10:38] WhatsApp OTP sent successfully | {"http_code":200,"resp":{"messaging_product":"whatsapp","contacts":[{"input":"919890345644","wa_id":"919890345644"}],"messages":[{"id":"wamid.HBgMOTE5ODkwMzQ1NjQ0FQIAERgSMkU2NzY0QUIwQzVBQjYzOUIyAA==","message_status":"accepted"}]}}
[2026-01-01 05:21:44] WhatsApp OTP sent successfully | {"http_code":200,"resp":{"messaging_product":"whatsapp","contacts":[{"input":"919096463943","wa_id":"919096463943"}],"messages":[{"id":"wamid.HBgMOTE5MDk2NDYzOTQzFQIAERgSREIwODg5NkE1OUE3RTI3Mjg5AA==","message_status":"accepted"}]}}
[2026-01-01 05:30:55] WhatsApp OTP sent successfully | {"http_code":200,"resp":{"messaging_product":"whatsapp","contacts":[{"input":"918888845366","wa_id":"918888845366"}],"messages":[{"id":"wamid.HBgMOTE4ODg4ODQ1MzY2FQIAERgSMzdBRURFOUFEOEVFNTEwNDNBAA==","message_status":"accepted"}]}}
[2026-01-01 05:40:09] WhatsApp OTP sent successfully | {"http_code":200,"resp":{"messaging_product":"whatsapp","contacts":[{"input":"919890345644","wa_id":"919890345644"}],"messages":[{"id":"wamid.HBgMOTE5ODkwMzQ1NjQ0FQIAERgSMDMzNkZCNzY5RDk5RjIzNTU5AA==","message_status":"accepted"}]}}
[2026-01-01 05:43:22] WhatsApp OTP sent successfully | {"http_code":200,"resp":{"messaging_product":"whatsapp","contacts":[{"input":"919096989461","wa_id":"919096989461"}],"messages":[{"id":"wamid.HBgMOTE5MDk2OTg5NDYxFQIAERgSQjIzRjdFRkMxRkI2M0UwRjE2AA==","message_status":"accepted"}]}}
[2026-01-01 05:44:17] WhatsApp OTP sent successfully | {"http_code":200,"resp":{"messaging_product":"whatsapp","contacts":[{"input":"919890345644","wa_id":"919890345644"}],"messages":[{"id":"wamid.HBgMOTE5ODkwMzQ1NjQ0FQIAERgSQTE4MzFCNEFFNTNCNkFCRDIwAA==","message_status":"accepted"}]}}
[2026-01-01 05:55:17] WhatsApp OTP sent successfully | {"http_code":200,"resp":{"messaging_product":"whatsapp","contacts":[{"input":"919096989461","wa_id":"919096989461"}],"messages":[{"id":"wamid.HBgMOTE5MDk2OTg5NDYxFQIAERgSMkEzRTMzRDgyNjU5QTYyNjlEAA==","message_status":"accepted"}]}}
[2026-01-01 06:44:02] WhatsApp OTP sent successfully | {"http_code":200,"resp":{"messaging_product":"whatsapp","contacts":[{"input":"919890345644","wa_id":"919890345644"}],"messages":[{"id":"wamid.HBgMOTE5ODkwMzQ1NjQ0FQIAERgSQTI4OTlBMkM3MDY3NzIyRUMwAA==","message_status":"accepted"}]}}
[2026-01-01 06:48:52] WhatsApp OTP sent successfully | {"http_code":200,"resp":{"messaging_product":"whatsapp","contacts":[{"input":"919422968911","wa_id":"919422968911"}],"messages":[{"id":"wamid.HBgMOTE5NDIyOTY4OTExFQIAERgSOUVGNzIzRkFDMzU5OEY1QjI3AA==","message_status":"accepted"}]}}
[2026-01-01 06:50:17] WhatsApp OTP sent successfully | {"http_code":200,"resp":{"messaging_product":"whatsapp","contacts":[{"input":"919422968911","wa_id":"919422968911"}],"messages":[{"id":"wamid.HBgMOTE5NDIyOTY4OTExFQIAERgSMkQ1NTAwMjFBOTIwQTIzRDg2AA==","message_status":"accepted"}]}}
[2026-01-01 06:59:54] WhatsApp OTP sent successfully | {"http_code":200,"resp":{"messaging_product":"whatsapp","contacts":[{"input":"919422968911","wa_id":"919422968911"}],"messages":[{"id":"wamid.HBgMOTE5NDIyOTY4OTExFQIAERgSRUZGMDFFM0RDNzI5RDREREU4AA==","message_status":"accepted"}]}}
[2026-01-01 07:10:48] WhatsApp OTP sent successfully | {"http_code":200,"resp":{"messaging_product":"whatsapp","contacts":[{"input":"919890345644","wa_id":"919890345644"}],"messages":[{"id":"wamid.HBgMOTE5ODkwMzQ1NjQ0FQIAERgSQzU2ODRGMDQxMjM5Qjk3ODI5AA==","message_status":"accepted"}]}}
[2026-01-01 07:47:00] WhatsApp OTP sent successfully | {"http_code":200,"resp":{"messaging_product":"whatsapp","contacts":[{"input":"919422968911","wa_id":"919422968911"}],"messages":[{"id":"wamid.HBgMOTE5NDIyOTY4OTExFQIAERgSNzQyODY3QzZCQ0U4MUE1MDI3AA==","message_status":"accepted"}]}}
[2026-01-01 07:52:44] WhatsApp OTP sent successfully | {"http_code":200,"resp":{"messaging_product":"whatsapp","contacts":[{"input":"919890345644","wa_id":"919890345644"}],"messages":[{"id":"wamid.HBgMOTE5ODkwMzQ1NjQ0FQIAERgSMzBBNjZCNDMzNzY0N0QwMDEzAA==","message_status":"accepted"}]}}
[2026-01-01 08:51:11] WhatsApp OTP sent successfully | {"http_code":200,"resp":{"messaging_product":"whatsapp","contacts":[{"input":"919096463943","wa_id":"919096463943"}],"messages":[{"id":"wamid.HBgMOTE5MDk2NDYzOTQzFQIAERgSOUNFQzMwMjIxODcwQzQwODg3AA==","message_status":"accepted"}]}}
[2026-01-01 09:16:32] WhatsApp OTP sent successfully | {"http_code":200,"resp":{"messaging_product":"whatsapp","contacts":[{"input":"919096463943","wa_id":"919096463943"}],"messages":[{"id":"wamid.HBgMOTE5MDk2NDYzOTQzFQIAERgSQjUxQTM4NzFCMTZGN0EwQjNDAA==","message_status":"accepted"}]}}
[2026-01-01 09:20:28] WhatsApp OTP sent successfully | {"http_code":200,"resp":{"messaging_product":"whatsapp","contacts":[{"input":"918446881383","wa_id":"918446881383"}],"messages":[{"id":"wamid.HBgMOTE4NDQ2ODgxMzgzFQIAERgSOTk3NjlGQUY4MzQ0RUU3M0EyAA==","message_status":"accepted"}]}}
[2026-01-01 09:20:49] WhatsApp OTP sent successfully | {"http_code":200,"resp":{"messaging_product":"whatsapp","contacts":[{"input":"918446881383","wa_id":"918446881383"}],"messages":[{"id":"wamid.HBgMOTE4NDQ2ODgxMzgzFQIAERgSNTYxMDM3RTg0MzdDQ0REMEM1AA==","message_status":"accepted"}]}}
[2026-01-01 10:46:41] WhatsApp OTP sent successfully | {"http_code":200,"resp":{"messaging_product":"whatsapp","contacts":[{"input":"919096463943","wa_id":"919096463943"}],"messages":[{"id":"wamid.HBgMOTE5MDk2NDYzOTQzFQIAERgSRjk0M0RDRTEzRURDNTk4RUZDAA==","message_status":"accepted"}]}}
[2026-01-01 12:07:57] WhatsApp OTP sent successfully | {"http_code":200,"resp":{"messaging_product":"whatsapp","contacts":[{"input":"919890345644","wa_id":"919890345644"}],"messages":[{"id":"wamid.HBgMOTE5ODkwMzQ1NjQ0FQIAERgSODM4OUU5RkZDRjg2MDI1MDRGAA==","message_status":"accepted"}]}}
[2026-01-01 13:11:27] WhatsApp OTP sent successfully | {"http_code":200,"resp":{"messaging_product":"whatsapp","contacts":[{"input":"919096463943","wa_id":"919096463943"}],"messages":[{"id":"wamid.HBgMOTE5MDk2NDYzOTQzFQIAERgSNTdCMzQ4REQ3MDM0Njk1NkE0AA==","message_status":"accepted"}]}}
[2026-01-01 14:22:20] WhatsApp OTP sent successfully | {"http_code":200,"resp":{"messaging_product":"whatsapp","contacts":[{"input":"919890345644","wa_id":"919890345644"}],"messages":[{"id":"wamid.HBgMOTE5ODkwMzQ1NjQ0FQIAERgSMzlEREFBNTNFQjBDNEVGQTQzAA==","message_status":"accepted"}]}}
[2026-01-01 14:28:07] WhatsApp OTP sent successfully | {"http_code":200,"resp":{"messaging_product":"whatsapp","contacts":[{"input":"919096989461","wa_id":"919096989461"}],"messages":[{"id":"wamid.HBgMOTE5MDk2OTg5NDYxFQIAERgSOTQwNkI4MjlDQTNFMzJFOUQ4AA==","message_status":"accepted"}]}}
[2026-01-01 17:07:11] WhatsApp OTP sent successfully | {"http_code":200,"resp":{"messaging_product":"whatsapp","contacts":[{"input":"919096463943","wa_id":"919096463943"}],"messages":[{"id":"wamid.HBgMOTE5MDk2NDYzOTQzFQIAERgSMEEzOTYxQ0Q1MzkwMzlCRUMwAA==","message_status":"accepted"}]}}
[2026-01-01 18:36:14] WhatsApp OTP sent successfully | {"http_code":200,"resp":{"messaging_product":"whatsapp","contacts":[{"input":"919890345644","wa_id":"919890345644"}],"messages":[{"id":"wamid.HBgMOTE5ODkwMzQ1NjQ0FQIAERgSRTdDNDdCRTVDQUQ1MTBBQThBAA==","message_status":"accepted"}]}}
[2026-01-02 03:42:06] WhatsApp OTP sent successfully | {"http_code":200,"resp":{"messaging_product":"whatsapp","contacts":[{"input":"919096463943","wa_id":"919096463943"}],"messages":[{"id":"wamid.HBgMOTE5MDk2NDYzOTQzFQIAERgSQzQ1RjcxRkUyRTk0RUJGMEJDAA==","message_status":"accepted"}]}}
[2026-01-02 05:07:19] WhatsApp OTP sent successfully | {"http_code":200,"resp":{"messaging_product":"whatsapp","contacts":[{"input":"919096463943","wa_id":"919096463943"}],"messages":[{"id":"wamid.HBgMOTE5MDk2NDYzOTQzFQIAERgSMzQ5RUVFNzY0RjhFNTQxNTUyAA==","message_status":"accepted"}]}}
[2026-01-02 06:02:35] WhatsApp OTP sent successfully | {"http_code":200,"resp":{"messaging_product":"whatsapp","contacts":[{"input":"919422968911","wa_id":"919422968911"}],"messages":[{"id":"wamid.HBgMOTE5NDIyOTY4OTExFQIAERgSOEFBRTExN0YzQjMzQjBERTE2AA==","message_status":"accepted"}]}}
[2026-01-02 06:52:21] WhatsApp OTP sent successfully | {"http_code":200,"resp":{"messaging_product":"whatsapp","contacts":[{"input":"919890345644","wa_id":"919890345644"}],"messages":[{"id":"wamid.HBgMOTE5ODkwMzQ1NjQ0FQIAERgSMUY5MTIwMzI2MTkwQ0NBQUNGAA==","message_status":"accepted"}]}}
[2026-01-02 07:14:43] WhatsApp OTP sent successfully | {"http_code":200,"resp":{"messaging_product":"whatsapp","contacts":[{"input":"918888845366","wa_id":"918888845366"}],"messages":[{"id":"wamid.HBgMOTE4ODg4ODQ1MzY2FQIAERgSMDU5NjBDNkE0N0JGQkU0RTU5AA==","message_status":"accepted"}]}}
[2026-01-02 07:59:29] WhatsApp OTP sent successfully | {"http_code":200,"resp":{"messaging_product":"whatsapp","contacts":[{"input":"919890345644","wa_id":"919890345644"}],"messages":[{"id":"wamid.HBgMOTE5ODkwMzQ1NjQ0FQIAERgSQThBNDU1NDgwMUVCNjMwRkY1AA==","message_status":"accepted"}]}}
[2026-01-02 10:52:31] WhatsApp OTP sent successfully | {"http_code":200,"resp":{"messaging_product":"whatsapp","contacts":[{"input":"919890345644","wa_id":"919890345644"}],"messages":[{"id":"wamid.HBgMOTE5ODkwMzQ1NjQ0FQIAERgSNTczNDBFRDhFQzU5MEYxREI4AA==","message_status":"accepted"}]}}
[2026-01-02 11:02:45] WhatsApp OTP sent successfully | {"http_code":200,"resp":{"messaging_product":"whatsapp","contacts":[{"input":"919096463943","wa_id":"919096463943"}],"messages":[{"id":"wamid.HBgMOTE5MDk2NDYzOTQzFQIAERgSOUMzNjZDMzJGNDg5RTI1NUM3AA==","message_status":"accepted"}]}}
[2026-01-02 13:28:57] WhatsApp OTP sent successfully | {"http_code":200,"resp":{"messaging_product":"whatsapp","contacts":[{"input":"919096463943","wa_id":"919096463943"}],"messages":[{"id":"wamid.HBgMOTE5MDk2NDYzOTQzFQIAERgSNDAwREM5NEJFOTEyREY2ODdBAA==","message_status":"accepted"}]}}
[2026-01-02 14:26:03] WhatsApp OTP sent successfully | {"http_code":200,"resp":{"messaging_product":"whatsapp","contacts":[{"input":"919096463943","wa_id":"919096463943"}],"messages":[{"id":"wamid.HBgMOTE5MDk2NDYzOTQzFQIAERgSMkFCNTM2QkI3NEZCNjZERTRBAA==","message_status":"accepted"}]}}
[2026-01-03 01:46:52] WhatsApp OTP sent successfully | {"http_code":200,"resp":{"messaging_product":"whatsapp","contacts":[{"input":"919096463943","wa_id":"919096463943"}],"messages":[{"id":"wamid.HBgMOTE5MDk2NDYzOTQzFQIAERgSRjA2MjlBMzZDNkFBODkxOTQ1AA==","message_status":"accepted"}]}}
[2026-01-03 05:17:03] WhatsApp OTP sent successfully | {"http_code":200,"resp":{"messaging_product":"whatsapp","contacts":[{"input":"918888845366","wa_id":"918888845366"}],"messages":[{"id":"wamid.HBgMOTE4ODg4ODQ1MzY2FQIAERgSNDcwMTkzMUJEMkEyNEQ3MDEwAA==","message_status":"accepted"}]}}
[2026-01-03 05:40:14] WhatsApp OTP sent successfully | {"http_code":200,"resp":{"messaging_product":"whatsapp","contacts":[{"input":"919096463943","wa_id":"919096463943"}],"messages":[{"id":"wamid.HBgMOTE5MDk2NDYzOTQzFQIAERgSRjZFMTEzNzcwNjJEQjNFM0ZGAA==","message_status":"accepted"}]}}
[2026-01-03 06:41:57] WhatsApp OTP sent successfully | {"http_code":200,"resp":{"messaging_product":"whatsapp","contacts":[{"input":"919096463943","wa_id":"919096463943"}],"messages":[{"id":"wamid.HBgMOTE5MDk2NDYzOTQzFQIAERgSRjNGOUQxQTEzMzIzNUU1NzlBAA==","message_status":"accepted"}]}}
[2026-01-03 06:45:10] WhatsApp OTP sent successfully | {"http_code":200,"resp":{"messaging_product":"whatsapp","contacts":[{"input":"919096463943","wa_id":"919096463943"}],"messages":[{"id":"wamid.HBgMOTE5MDk2NDYzOTQzFQIAERgSMDZGQkY3MDhEN0E3NTQwODUyAA==","message_status":"accepted"}]}}
[2026-01-03 07:11:17] WhatsApp OTP sent successfully | {"http_code":200,"resp":{"messaging_product":"whatsapp","contacts":[{"input":"919890345644","wa_id":"919890345644"}],"messages":[{"id":"wamid.HBgMOTE5ODkwMzQ1NjQ0FQIAERgSNzNGNDhFMUM3OUM0NTgyRDMyAA==","message_status":"accepted"}]}}
[2026-01-03 07:57:54] WhatsApp OTP sent successfully | {"http_code":200,"resp":{"messaging_product":"whatsapp","contacts":[{"input":"919096463943","wa_id":"919096463943"}],"messages":[{"id":"wamid.HBgMOTE5MDk2NDYzOTQzFQIAERgSODVGNzQxODY0NDNDNDRCMkNEAA==","message_status":"accepted"}]}}
[2026-01-03 08:50:00] WhatsApp OTP sent successfully | {"http_code":200,"resp":{"messaging_product":"whatsapp","contacts":[{"input":"918888845366","wa_id":"918888845366"}],"messages":[{"id":"wamid.HBgMOTE4ODg4ODQ1MzY2FQIAERgSQTdCRkE4QkI5MzA3MDRGNkJCAA==","message_status":"accepted"}]}}
[2026-01-03 08:54:15] WhatsApp OTP sent successfully | {"http_code":200,"resp":{"messaging_product":"whatsapp","contacts":[{"input":"918888845366","wa_id":"918888845366"}],"messages":[{"id":"wamid.HBgMOTE4ODg4ODQ1MzY2FQIAERgSNTkyQzlCRkVERjlFQTMwREMxAA==","message_status":"accepted"}]}}
[2026-01-03 09:15:09] WhatsApp OTP sent successfully | {"http_code":200,"resp":{"messaging_product":"whatsapp","contacts":[{"input":"919890345644","wa_id":"919890345644"}],"messages":[{"id":"wamid.HBgMOTE5ODkwMzQ1NjQ0FQIAERgSOURDNDc2RTA4MUQ0NTRGNDQ4AA==","message_status":"accepted"}]}}
[2026-01-03 10:27:40] WhatsApp OTP sent successfully | {"http_code":200,"resp":{"messaging_product":"whatsapp","contacts":[{"input":"919096463943","wa_id":"919096463943"}],"messages":[{"id":"wamid.HBgMOTE5MDk2NDYzOTQzFQIAERgSODg0OTM4NzAwM0Y2NkZBM0VDAA==","message_status":"accepted"}]}}
[2026-01-03 12:58:18] WhatsApp OTP sent successfully | {"http_code":200,"resp":{"messaging_product":"whatsapp","contacts":[{"input":"919890345644","wa_id":"919890345644"}],"messages":[{"id":"wamid.HBgMOTE5ODkwMzQ1NjQ0FQIAERgSNjQ4NkU4NjUwODhEMkZCNEFDAA==","message_status":"accepted"}]}}
[2026-01-03 13:02:20] WhatsApp OTP sent successfully | {"http_code":200,"resp":{"messaging_product":"whatsapp","contacts":[{"input":"919096463943","wa_id":"919096463943"}],"messages":[{"id":"wamid.HBgMOTE5MDk2NDYzOTQzFQIAERgSRjRFNkM2NTA5ODU3NDg4NjcxAA==","message_status":"accepted"}]}}
[2026-01-04 04:10:38] WhatsApp OTP sent successfully | {"http_code":200,"resp":{"messaging_product":"whatsapp","contacts":[{"input":"919890345644","wa_id":"919890345644"}],"messages":[{"id":"wamid.HBgMOTE5ODkwMzQ1NjQ0FQIAERgSMDMwRjlDM0ZFOTk1MUJGNzk4AA==","message_status":"accepted"}]}}
[2026-01-04 06:05:12] WhatsApp OTP sent successfully | {"http_code":200,"resp":{"messaging_product":"whatsapp","contacts":[{"input":"919890345644","wa_id":"919890345644"}],"messages":[{"id":"wamid.HBgMOTE5ODkwMzQ1NjQ0FQIAERgSRkRCMjg0Q0JEQzgxQzg2RDg0AA==","message_status":"accepted"}]}}
[2026-01-04 07:26:34] WhatsApp OTP sent successfully | {"http_code":200,"resp":{"messaging_product":"whatsapp","contacts":[{"input":"919096463943","wa_id":"919096463943"}],"messages":[{"id":"wamid.HBgMOTE5MDk2NDYzOTQzFQIAERgSMUIwQzlCODc4NkUyQ0MzNUMxAA==","message_status":"accepted"}]}}
[2026-01-04 07:44:15] WhatsApp OTP sent successfully | {"http_code":200,"resp":{"messaging_product":"whatsapp","contacts":[{"input":"919890345644","wa_id":"919890345644"}],"messages":[{"id":"wamid.HBgMOTE5ODkwMzQ1NjQ0FQIAERgSM0FDQjA4QkZGQ0RCMkMyQUVDAA==","message_status":"accepted"}]}}
[2026-01-04 07:47:52] WhatsApp OTP sent successfully | {"http_code":200,"resp":{"messaging_product":"whatsapp","contacts":[{"input":"919096463943","wa_id":"919096463943"}],"messages":[{"id":"wamid.HBgMOTE5MDk2NDYzOTQzFQIAERgSRUVGMkE2RUU4RDVFMEFERTg0AA==","message_status":"accepted"}]}}
[2026-01-04 08:42:25] WhatsApp OTP sent successfully | {"http_code":200,"resp":{"messaging_product":"whatsapp","contacts":[{"input":"919890345644","wa_id":"919890345644"}],"messages":[{"id":"wamid.HBgMOTE5ODkwMzQ1NjQ0FQIAERgSRDA4RUFCQTg3QjQ4QjkwQkNFAA==","message_status":"accepted"}]}}
[2026-01-04 09:28:55] WhatsApp OTP sent successfully | {"http_code":200,"resp":{"messaging_product":"whatsapp","contacts":[{"input":"919096463943","wa_id":"919096463943"}],"messages":[{"id":"wamid.HBgMOTE5MDk2NDYzOTQzFQIAERgSRDQzNzdDMDJBRUEwNDRGQjIxAA==","message_status":"accepted"}]}}
[2026-01-04 10:30:15] WhatsApp OTP sent successfully | {"http_code":200,"resp":{"messaging_product":"whatsapp","contacts":[{"input":"919226807651","wa_id":"919226807651"}],"messages":[{"id":"wamid.HBgMOTE5MjI2ODA3NjUxFQIAERgSOEMwNzBDQkY4MERBQTk0RkM1AA==","message_status":"accepted"}]}}
[2026-01-04 10:41:00] WhatsApp OTP sent successfully | {"http_code":200,"resp":{"messaging_product":"whatsapp","contacts":[{"input":"919096989461","wa_id":"919096989461"}],"messages":[{"id":"wamid.HBgMOTE5MDk2OTg5NDYxFQIAERgSRUZGMzczREVBRTdFOTYzQ0RGAA==","message_status":"accepted"}]}}
[2026-01-04 12:09:45] WhatsApp OTP sent successfully | {"http_code":200,"resp":{"messaging_product":"whatsapp","contacts":[{"input":"918888845366","wa_id":"918888845366"}],"messages":[{"id":"wamid.HBgMOTE4ODg4ODQ1MzY2FQIAERgSMEZFN0Q2MzgyRDNBRUQ4Nzk2AA==","message_status":"accepted"}]}}
[2026-01-04 14:43:23] WhatsApp OTP sent successfully | {"http_code":200,"resp":{"messaging_product":"whatsapp","contacts":[{"input":"918888845366","wa_id":"918888845366"}],"messages":[{"id":"wamid.HBgMOTE4ODg4ODQ1MzY2FQIAERgSNkQ5NzU3Nzc1QzY5M0FEOENFAA==","message_status":"accepted"}]}}
[2026-01-04 14:44:58] WhatsApp OTP sent successfully | {"http_code":200,"resp":{"messaging_product":"whatsapp","contacts":[{"input":"918888845366","wa_id":"918888845366"}],"messages":[{"id":"wamid.HBgMOTE4ODg4ODQ1MzY2FQIAERgSODkyMzQzREZDOEQzMkZEODQ4AA==","message_status":"accepted"}]}}
[2026-01-04 15:49:14] WhatsApp OTP sent successfully | {"http_code":200,"resp":{"messaging_product":"whatsapp","contacts":[{"input":"919890345644","wa_id":"919890345644"}],"messages":[{"id":"wamid.HBgMOTE5ODkwMzQ1NjQ0FQIAERgSQjkzNkJCQkQ4RTFGNTZCRUU1AA==","message_status":"accepted"}]}}
[2026-01-05 00:50:28] WhatsApp OTP sent successfully | {"http_code":200,"resp":{"messaging_product":"whatsapp","contacts":[{"input":"919096989461","wa_id":"919096989461"}],"messages":[{"id":"wamid.HBgMOTE5MDk2OTg5NDYxFQIAERgSMjY4NEQ5NUQxRjM0QUI4MEI1AA==","message_status":"accepted"}]}}
[2026-01-05 03:57:14] WhatsApp OTP sent successfully | {"http_code":200,"resp":{"messaging_product":"whatsapp","contacts":[{"input":"919096463943","wa_id":"919096463943"}],"messages":[{"id":"wamid.HBgMOTE5MDk2NDYzOTQzFQIAERgSQjZEMzFFNzU1QjQ2MTJCM0JCAA==","message_status":"accepted"}]}}
[2026-01-05 04:51:30] WhatsApp OTP sent successfully | {"http_code":200,"resp":{"messaging_product":"whatsapp","contacts":[{"input":"919890345644","wa_id":"919890345644"}],"messages":[{"id":"wamid.HBgMOTE5ODkwMzQ1NjQ0FQIAERgSNTNDMjQ0QUIwQkI2NTM4M0RDAA==","message_status":"accepted"}]}}
[2026-01-05 05:27:18] WhatsApp OTP sent successfully | {"http_code":200,"resp":{"messaging_product":"whatsapp","contacts":[{"input":"919096463943","wa_id":"919096463943"}],"messages":[{"id":"wamid.HBgMOTE5MDk2NDYzOTQzFQIAERgSQjI0QkU4QzFCNEVFODBCMTg5AA==","message_status":"accepted"}]}}
[2026-01-05 05:47:31] WhatsApp OTP sent successfully | {"http_code":200,"resp":{"messaging_product":"whatsapp","contacts":[{"input":"919890345644","wa_id":"919890345644"}],"messages":[{"id":"wamid.HBgMOTE5ODkwMzQ1NjQ0FQIAERgSMzgwMzIzRTA0RkFBQzI0MURGAA==","message_status":"accepted"}]}}
[2026-01-05 07:50:43] WhatsApp OTP sent successfully | {"http_code":200,"resp":{"messaging_product":"whatsapp","contacts":[{"input":"919096463943","wa_id":"919096463943"}],"messages":[{"id":"wamid.HBgMOTE5MDk2NDYzOTQzFQIAERgSOTQ2RDFEQUQ2MEQxQ0MyRDIxAA==","message_status":"accepted"}]}}
[2026-01-05 08:00:14] WhatsApp OTP sent successfully | {"http_code":200,"resp":{"messaging_product":"whatsapp","contacts":[{"input":"919096463943","wa_id":"919096463943"}],"messages":[{"id":"wamid.HBgMOTE5MDk2NDYzOTQzFQIAERgSMkQ4MjVDOUY3REJBNjY2QTU3AA==","message_status":"accepted"}]}}
[2026-01-05 11:05:11] WhatsApp OTP sent successfully | {"http_code":200,"resp":{"messaging_product":"whatsapp","contacts":[{"input":"918888845366","wa_id":"918888845366"}],"messages":[{"id":"wamid.HBgMOTE4ODg4ODQ1MzY2FQIAERgSMUZBNTA3OEU1ODZCMkZCMEU4AA==","message_status":"accepted"}]}}
[2026-01-05 11:40:02] WhatsApp OTP sent successfully | {"http_code":200,"resp":{"messaging_product":"whatsapp","contacts":[{"input":"919890345644","wa_id":"919890345644"}],"messages":[{"id":"wamid.HBgMOTE5ODkwMzQ1NjQ0FQIAERgSOUY0Nzk2ODBENzc5RTY2NUI1AA==","message_status":"accepted"}]}}
[2026-01-05 11:41:39] WhatsApp OTP sent successfully | {"http_code":200,"resp":{"messaging_product":"whatsapp","contacts":[{"input":"919096463943","wa_id":"919096463943"}],"messages":[{"id":"wamid.HBgMOTE5MDk2NDYzOTQzFQIAERgSNkVCMkFGMkEyNEY4QjBBRTRCAA==","message_status":"accepted"}]}}
[2026-01-05 12:02:01] WhatsApp OTP sent successfully | {"http_code":200,"resp":{"messaging_product":"whatsapp","contacts":[{"input":"919096989461","wa_id":"919096989461"}],"messages":[{"id":"wamid.HBgMOTE5MDk2OTg5NDYxFQIAERgSODY4OEUzQkFFNTNFODMxQUY0AA==","message_status":"accepted"}]}}
[2026-01-05 13:46:33] WhatsApp OTP sent successfully | {"http_code":200,"resp":{"messaging_product":"whatsapp","contacts":[{"input":"919096463943","wa_id":"919096463943"}],"messages":[{"id":"wamid.HBgMOTE5MDk2NDYzOTQzFQIAERgSMUVENjVFQkM4NjczMDVFRkJFAA==","message_status":"accepted"}]}}
[2026-01-05 15:24:03] WhatsApp OTP sent successfully | {"http_code":200,"resp":{"messaging_product":"whatsapp","contacts":[{"input":"919226807651","wa_id":"919226807651"}],"messages":[{"id":"wamid.HBgMOTE5MjI2ODA3NjUxFQIAERgSQjA1QkMwRUQyRjUxMjZERUVFAA==","message_status":"accepted"}]}}
[2026-01-05 16:03:11] WhatsApp OTP sent successfully | {"http_code":200,"resp":{"messaging_product":"whatsapp","contacts":[{"input":"919890345644","wa_id":"919890345644"}],"messages":[{"id":"wamid.HBgMOTE5ODkwMzQ1NjQ0FQIAERgSRTkyMjNBRjU5NzVENTIwNzJFAA==","message_status":"accepted"}]}}
[2026-01-05 16:40:18] WhatsApp OTP sent successfully | {"http_code":200,"resp":{"messaging_product":"whatsapp","contacts":[{"input":"919890345644","wa_id":"919890345644"}],"messages":[{"id":"wamid.HBgMOTE5ODkwMzQ1NjQ0FQIAERgSRDI4Mzc2RTIzNDc0OENBQTU0AA==","message_status":"accepted"}]}}
[2026-01-05 17:24:36] WhatsApp OTP sent successfully | {"http_code":200,"resp":{"messaging_product":"whatsapp","contacts":[{"input":"919096463943","wa_id":"919096463943"}],"messages":[{"id":"wamid.HBgMOTE5MDk2NDYzOTQzFQIAERgSM0Q1NDk5RkY2NzhDNTNFRTg3AA==","message_status":"accepted"}]}}
[2026-01-05 23:16:15] WhatsApp OTP sent successfully | {"http_code":200,"resp":{"messaging_product":"whatsapp","contacts":[{"input":"919096463943","wa_id":"919096463943"}],"messages":[{"id":"wamid.HBgMOTE5MDk2NDYzOTQzFQIAERgSRTFEMjExMzdDQUNGNjUxM0IzAA==","message_status":"accepted"}]}}
[2026-01-06 01:19:46] WhatsApp OTP sent successfully | {"http_code":200,"resp":{"messaging_product":"whatsapp","contacts":[{"input":"919096989461","wa_id":"919096989461"}],"messages":[{"id":"wamid.HBgMOTE5MDk2OTg5NDYxFQIAERgSMTEwQUM1ODJEOTA2OTAxNENCAA==","message_status":"accepted"}]}}
[2026-01-06 03:23:45] WhatsApp OTP sent successfully | {"http_code":200,"resp":{"messaging_product":"whatsapp","contacts":[{"input":"919096463943","wa_id":"919096463943"}],"messages":[{"id":"wamid.HBgMOTE5MDk2NDYzOTQzFQIAERgSMjI5Nzk3RjQ3RjcyOTQxNjczAA==","message_status":"accepted"}]}}
[2026-01-06 05:49:56] WhatsApp OTP sent successfully | {"http_code":200,"resp":{"messaging_product":"whatsapp","contacts":[{"input":"919096989461","wa_id":"919096989461"}],"messages":[{"id":"wamid.HBgMOTE5MDk2OTg5NDYxFQIAERgSRkEwRDZEOEMyMjQzQzQzMTVFAA==","message_status":"accepted"}]}}
[2026-01-06 06:40:35] WhatsApp OTP sent successfully | {"http_code":200,"resp":{"messaging_product":"whatsapp","contacts":[{"input":"919096463943","wa_id":"919096463943"}],"messages":[{"id":"wamid.HBgMOTE5MDk2NDYzOTQzFQIAERgSNjM5MjNCOUE2NTVDMkEwNzJDAA==","message_status":"accepted"}]}}
[2026-01-06 07:57:53] WhatsApp OTP sent successfully | {"http_code":200,"resp":{"messaging_product":"whatsapp","contacts":[{"input":"919890345644","wa_id":"919890345644"}],"messages":[{"id":"wamid.HBgMOTE5ODkwMzQ1NjQ0FQIAERgSQkQyRUQ4NkRDMTJFQUQ5Q0VDAA==","message_status":"accepted"}]}}
[2026-01-06 08:03:11] WhatsApp OTP sent successfully | {"http_code":200,"resp":{"messaging_product":"whatsapp","contacts":[{"input":"918888845366","wa_id":"918888845366"}],"messages":[{"id":"wamid.HBgMOTE4ODg4ODQ1MzY2FQIAERgSRUJCRDg1MjY1Q0RFQTdFQTc0AA==","message_status":"accepted"}]}}
[2026-01-06 08:11:27] WhatsApp OTP sent successfully | {"http_code":200,"resp":{"messaging_product":"whatsapp","contacts":[{"input":"919096463943","wa_id":"919096463943"}],"messages":[{"id":"wamid.HBgMOTE5MDk2NDYzOTQzFQIAERgSQ0VBQTlBMDBFNEIzQzI1NTAwAA==","message_status":"accepted"}]}}
[2026-01-06 09:05:37] WhatsApp OTP sent successfully | {"http_code":200,"resp":{"messaging_product":"whatsapp","contacts":[{"input":"919890345644","wa_id":"919890345644"}],"messages":[{"id":"wamid.HBgMOTE5ODkwMzQ1NjQ0FQIAERgSMUMwOEY3MjBGNDlBMzU1ODY2AA==","message_status":"accepted"}]}}
[2026-01-06 09:41:35] WhatsApp OTP sent successfully | {"http_code":200,"resp":{"messaging_product":"whatsapp","contacts":[{"input":"919890345644","wa_id":"919890345644"}],"messages":[{"id":"wamid.HBgMOTE5ODkwMzQ1NjQ0FQIAERgSRUZFOEIwOEVENzEyNjZFODBEAA==","message_status":"accepted"}]}}
[2026-01-06 10:00:24] WhatsApp OTP sent successfully | {"http_code":200,"resp":{"messaging_product":"whatsapp","contacts":[{"input":"919096463943","wa_id":"919096463943"}],"messages":[{"id":"wamid.HBgMOTE5MDk2NDYzOTQzFQIAERgSQTQ1NEQzQzgyQkE5OTg5QUUzAA==","message_status":"accepted"}]}}
[2026-01-06 10:21:11] WhatsApp OTP sent successfully | {"http_code":200,"resp":{"messaging_product":"whatsapp","contacts":[{"input":"919096463943","wa_id":"919096463943"}],"messages":[{"id":"wamid.HBgMOTE5MDk2NDYzOTQzFQIAERgSMzQ1MDBFNDY3MEEyMEM3RDk3AA==","message_status":"accepted"}]}}
[2026-01-06 11:29:43] WhatsApp OTP sent successfully | {"http_code":200,"resp":{"messaging_product":"whatsapp","contacts":[{"input":"918888845366","wa_id":"918888845366"}],"messages":[{"id":"wamid.HBgMOTE4ODg4ODQ1MzY2FQIAERgSNjVGNDAwODc4Nzg2NjREMkVEAA==","message_status":"accepted"}]}}
[2026-01-06 12:38:12] WhatsApp OTP sent successfully | {"http_code":200,"resp":{"messaging_product":"whatsapp","contacts":[{"input":"918888845366","wa_id":"918888845366"}],"messages":[{"id":"wamid.HBgMOTE4ODg4ODQ1MzY2FQIAERgSNDcxMDU3MkFBQzk2NUFDRjFGAA==","message_status":"accepted"}]}}
[2026-01-06 12:41:04] WhatsApp OTP sent successfully | {"http_code":200,"resp":{"messaging_product":"whatsapp","contacts":[{"input":"919096989461","wa_id":"919096989461"}],"messages":[{"id":"wamid.HBgMOTE5MDk2OTg5NDYxFQIAERgSRTJGNThERDNBMTVBRkU3Qzk2AA==","message_status":"accepted"}]}}
[2026-01-06 13:13:34] WhatsApp OTP sent successfully | {"http_code":200,"resp":{"messaging_product":"whatsapp","contacts":[{"input":"919890345644","wa_id":"919890345644"}],"messages":[{"id":"wamid.HBgMOTE5ODkwMzQ1NjQ0FQIAERgSRDM4RTkzMkZBRDhEOTJDMUU2AA==","message_status":"accepted"}]}}
[2026-01-06 14:15:13] WhatsApp OTP sent successfully | {"http_code":200,"resp":{"messaging_product":"whatsapp","contacts":[{"input":"919096463943","wa_id":"919096463943"}],"messages":[{"id":"wamid.HBgMOTE5MDk2NDYzOTQzFQIAERgSNDYxNjMwNzdFMzNFRDM5ODg1AA==","message_status":"accepted"}]}}
[2026-01-06 15:20:16] WhatsApp OTP sent successfully | {"http_code":200,"resp":{"messaging_product":"whatsapp","contacts":[{"input":"918888845366","wa_id":"918888845366"}],"messages":[{"id":"wamid.HBgMOTE4ODg4ODQ1MzY2FQIAERgSNTBDMjkyMkI5Q0RGMEE4REYxAA==","message_status":"accepted"}]}}
[2026-01-06 17:12:54] WhatsApp OTP sent successfully | {"http_code":200,"resp":{"messaging_product":"whatsapp","contacts":[{"input":"919096989461","wa_id":"919096989461"}],"messages":[{"id":"wamid.HBgMOTE5MDk2OTg5NDYxFQIAERgSNEUxMEVDOTM0M0M1MUM0NTU3AA==","message_status":"accepted"}]}}
[2026-01-06 18:22:10] WhatsApp OTP sent successfully | {"http_code":200,"resp":{"messaging_product":"whatsapp","contacts":[{"input":"918888845366","wa_id":"918888845366"}],"messages":[{"id":"wamid.HBgMOTE4ODg4ODQ1MzY2FQIAERgSM0MzMzJGMTc5N0I0QkQ1NjAyAA==","message_status":"accepted"}]}}
[2026-01-07 03:10:53] WhatsApp OTP sent successfully | {"http_code":200,"resp":{"messaging_product":"whatsapp","contacts":[{"input":"919096989461","wa_id":"919096989461"}],"messages":[{"id":"wamid.HBgMOTE5MDk2OTg5NDYxFQIAERgSNTVGMjUyN0RGNDgyOEVFNjM5AA==","message_status":"accepted"}]}}
[2026-01-07 04:16:37] WhatsApp OTP sent successfully | {"http_code":200,"resp":{"messaging_product":"whatsapp","contacts":[{"input":"919096463943","wa_id":"919096463943"}],"messages":[{"id":"wamid.HBgMOTE5MDk2NDYzOTQzFQIAERgSMDA2MkQ3NjE5QTQ0MTY2OENCAA==","message_status":"accepted"}]}}
[2026-01-07 04:29:49] WhatsApp OTP sent successfully | {"http_code":200,"resp":{"messaging_product":"whatsapp","contacts":[{"input":"919890345644","wa_id":"919890345644"}],"messages":[{"id":"wamid.HBgMOTE5ODkwMzQ1NjQ0FQIAERgSOTYyNDMzNUJFNjgyMDc1RDExAA==","message_status":"accepted"}]}}
[2026-01-07 04:45:46] WhatsApp OTP sent successfully | {"http_code":200,"resp":{"messaging_product":"whatsapp","contacts":[{"input":"918888845366","wa_id":"918888845366"}],"messages":[{"id":"wamid.HBgMOTE4ODg4ODQ1MzY2FQIAERgSNTkyMUIzMEYzMTA2OTEzN0M0AA==","message_status":"accepted"}]}}
[2026-01-07 05:56:33] WhatsApp OTP sent successfully | {"http_code":200,"resp":{"messaging_product":"whatsapp","contacts":[{"input":"919096463943","wa_id":"919096463943"}],"messages":[{"id":"wamid.HBgMOTE5MDk2NDYzOTQzFQIAERgSNTAxQzk3QjVFNzVFRThGMEQ3AA==","message_status":"accepted"}]}}
[2026-01-07 06:49:42] WhatsApp OTP sent successfully | {"http_code":200,"resp":{"messaging_product":"whatsapp","contacts":[{"input":"918888845366","wa_id":"918888845366"}],"messages":[{"id":"wamid.HBgMOTE4ODg4ODQ1MzY2FQIAERgSQjNBMzM0OTg5OUVCNTk3NDVDAA==","message_status":"accepted"}]}}
[2026-01-07 07:27:38] WhatsApp OTP sent successfully | {"http_code":200,"resp":{"messaging_product":"whatsapp","contacts":[{"input":"919096463943","wa_id":"919096463943"}],"messages":[{"id":"wamid.HBgMOTE5MDk2NDYzOTQzFQIAERgSNUYyMTQzRDIxNzhGRUM3OEM3AA==","message_status":"accepted"}]}}
[2026-01-07 07:30:13] WhatsApp OTP sent successfully | {"http_code":200,"resp":{"messaging_product":"whatsapp","contacts":[{"input":"918888845366","wa_id":"918888845366"}],"messages":[{"id":"wamid.HBgMOTE4ODg4ODQ1MzY2FQIAERgSNzUyRDk1QjRCMkU1MEY4OTQ0AA==","message_status":"accepted"}]}}
[2026-01-07 10:50:35] WhatsApp OTP sent successfully | {"http_code":200,"resp":{"messaging_product":"whatsapp","contacts":[{"input":"919890345644","wa_id":"919890345644"}],"messages":[{"id":"wamid.HBgMOTE5ODkwMzQ1NjQ0FQIAERgSNEM3Q0YxNzA5RTZEOEY3RUIxAA==","message_status":"accepted"}]}}
[2026-01-07 11:15:11] WhatsApp OTP sent successfully | {"http_code":200,"resp":{"messaging_product":"whatsapp","contacts":[{"input":"918888845366","wa_id":"918888845366"}],"messages":[{"id":"wamid.HBgMOTE4ODg4ODQ1MzY2FQIAERgSQTM4QTE5RURDNEVFOTZCNzFCAA==","message_status":"accepted"}]}}
[2026-01-07 11:36:59] WhatsApp OTP sent successfully | {"http_code":200,"resp":{"messaging_product":"whatsapp","contacts":[{"input":"919096463943","wa_id":"919096463943"}],"messages":[{"id":"wamid.HBgMOTE5MDk2NDYzOTQzFQIAERgSNDhDN0Q1RkYyQzNGNDAwMTE0AA==","message_status":"accepted"}]}}
[2026-01-07 12:19:57] WhatsApp OTP sent successfully | {"http_code":200,"resp":{"messaging_product":"whatsapp","contacts":[{"input":"918888845366","wa_id":"918888845366"}],"messages":[{"id":"wamid.HBgMOTE4ODg4ODQ1MzY2FQIAERgSQjA1NEExMUE5MDA0QkY5NDZDAA==","message_status":"accepted"}]}}
[2026-01-07 13:22:36] WhatsApp OTP sent successfully | {"http_code":200,"resp":{"messaging_product":"whatsapp","contacts":[{"input":"919096463943","wa_id":"919096463943"}],"messages":[{"id":"wamid.HBgMOTE5MDk2NDYzOTQzFQIAERgSNzgxNENBQTVBQjUyRjMxRTgzAA==","message_status":"accepted"}]}}
[2026-01-07 16:00:07] WhatsApp OTP sent successfully | {"http_code":200,"resp":{"messaging_product":"whatsapp","contacts":[{"input":"919890345644","wa_id":"919890345644"}],"messages":[{"id":"wamid.HBgMOTE5ODkwMzQ1NjQ0FQIAERgSOTMzQjc2RkRFMURFNEZBNzI4AA==","message_status":"accepted"}]}}
[2026-01-07 16:22:05] WhatsApp OTP sent successfully | {"http_code":200,"resp":{"messaging_product":"whatsapp","contacts":[{"input":"919890345644","wa_id":"919890345644"}],"messages":[{"id":"wamid.HBgMOTE5ODkwMzQ1NjQ0FQIAERgSRTgwNkM1OTQ5OTRBNTM2OTY5AA==","message_status":"accepted"}]}}
[2026-01-08 01:15:03] WhatsApp OTP sent successfully | {"http_code":200,"resp":{"messaging_product":"whatsapp","contacts":[{"input":"919096989461","wa_id":"919096989461"}],"messages":[{"id":"wamid.HBgMOTE5MDk2OTg5NDYxFQIAERgSM0M4REI3QTE0RTlCOTg0NDY2AA==","message_status":"accepted"}]}}
[2026-01-08 03:34:23] WhatsApp OTP sent successfully | {"http_code":200,"resp":{"messaging_product":"whatsapp","contacts":[{"input":"919890345644","wa_id":"919890345644"}],"messages":[{"id":"wamid.HBgMOTE5ODkwMzQ1NjQ0FQIAERgSRUZBQUVENUYzMDY3REYxODYzAA==","message_status":"accepted"}]}}
[2026-01-08 04:51:07] WhatsApp OTP sent successfully | {"http_code":200,"resp":{"messaging_product":"whatsapp","contacts":[{"input":"918888845366","wa_id":"918888845366"}],"messages":[{"id":"wamid.HBgMOTE4ODg4ODQ1MzY2FQIAERgSNTBBOTlBQzM4Q0JEMkRFNDAzAA==","message_status":"accepted"}]}}
[2026-01-08 06:01:40] WhatsApp OTP sent successfully | {"http_code":200,"resp":{"messaging_product":"whatsapp","contacts":[{"input":"919096463943","wa_id":"919096463943"}],"messages":[{"id":"wamid.HBgMOTE5MDk2NDYzOTQzFQIAERgSMDM1QUJENDU4QTM4MEY4NzM0AA==","message_status":"accepted"}]}}
[2026-01-08 06:28:53] WhatsApp OTP sent successfully | {"http_code":200,"resp":{"messaging_product":"whatsapp","contacts":[{"input":"919890345644","wa_id":"919890345644"}],"messages":[{"id":"wamid.HBgMOTE5ODkwMzQ1NjQ0FQIAERgSNjk3QTk3QzcyRDQ3OUYwMzNFAA==","message_status":"accepted"}]}}
[2026-01-08 07:13:23] WhatsApp OTP sent successfully | {"http_code":200,"resp":{"messaging_product":"whatsapp","contacts":[{"input":"919890345644","wa_id":"919890345644"}],"messages":[{"id":"wamid.HBgMOTE5ODkwMzQ1NjQ0FQIAERgSNDkyNkEwMTA0QTdENjE5QUM3AA==","message_status":"accepted"}]}}
[2026-01-08 07:22:12] WhatsApp OTP sent successfully | {"http_code":200,"resp":{"messaging_product":"whatsapp","contacts":[{"input":"918888845366","wa_id":"918888845366"}],"messages":[{"id":"wamid.HBgMOTE4ODg4ODQ1MzY2FQIAERgSMUE0Rjg5QzlFOTg5NEUzOTFCAA==","message_status":"accepted"}]}}
[2026-01-08 07:56:37] WhatsApp OTP sent successfully | {"http_code":200,"resp":{"messaging_product":"whatsapp","contacts":[{"input":"919422968911","wa_id":"919422968911"}],"messages":[{"id":"wamid.HBgMOTE5NDIyOTY4OTExFQIAERgSQjA0NDVBQzRFQUI0OEZGMEI4AA==","message_status":"accepted"}]}}
[2026-01-08 08:01:05] WhatsApp OTP sent successfully | {"http_code":200,"resp":{"messaging_product":"whatsapp","contacts":[{"input":"919422968911","wa_id":"919422968911"}],"messages":[{"id":"wamid.HBgMOTE5NDIyOTY4OTExFQIAERgSMjlGODJBNTE1NEQ1MzhGQkRGAA==","message_status":"accepted"}]}}
[2026-01-08 09:05:21] WhatsApp OTP sent successfully | {"http_code":200,"resp":{"messaging_product":"whatsapp","contacts":[{"input":"919890345644","wa_id":"919890345644"}],"messages":[{"id":"wamid.HBgMOTE5ODkwMzQ1NjQ0FQIAERgSMEIxQjRBQ0ZDNTVDMzU2MjRFAA==","message_status":"accepted"}]}}
[2026-01-08 09:16:46] WhatsApp OTP sent successfully | {"http_code":200,"resp":{"messaging_product":"whatsapp","contacts":[{"input":"919096463943","wa_id":"919096463943"}],"messages":[{"id":"wamid.HBgMOTE5MDk2NDYzOTQzFQIAERgSQTE1NUNDRjAwNDZDNTI2NTNFAA==","message_status":"accepted"}]}}
[2026-01-08 09:43:21] WhatsApp OTP sent successfully | {"http_code":200,"resp":{"messaging_product":"whatsapp","contacts":[{"input":"918888845366","wa_id":"918888845366"}],"messages":[{"id":"wamid.HBgMOTE4ODg4ODQ1MzY2FQIAERgSNjQ0QUIyRjQ3QTlFRUQ1NDM1AA==","message_status":"accepted"}]}}
[2026-01-08 11:31:02] WhatsApp OTP sent successfully | {"http_code":200,"resp":{"messaging_product":"whatsapp","contacts":[{"input":"919890345644","wa_id":"919890345644"}],"messages":[{"id":"wamid.HBgMOTE5ODkwMzQ1NjQ0FQIAERgSQThFNzIyQUE2OEYzRkMxMkVCAA==","message_status":"accepted"}]}}
[2026-01-08 12:36:19] WhatsApp OTP sent successfully | {"http_code":200,"resp":{"messaging_product":"whatsapp","contacts":[{"input":"918888845366","wa_id":"918888845366"}],"messages":[{"id":"wamid.HBgMOTE4ODg4ODQ1MzY2FQIAERgSMEUxOEE2MjNEOUJBOEQzMjc5AA==","message_status":"accepted"}]}}
[2026-01-08 13:08:48] WhatsApp OTP sent successfully | {"http_code":200,"resp":{"messaging_product":"whatsapp","contacts":[{"input":"919096463943","wa_id":"919096463943"}],"messages":[{"id":"wamid.HBgMOTE5MDk2NDYzOTQzFQIAERgSNzg0RkVDQjlCNjBEMDA4MTk2AA==","message_status":"accepted"}]}}
[2026-01-08 13:22:39] WhatsApp OTP sent successfully | {"http_code":200,"resp":{"messaging_product":"whatsapp","contacts":[{"input":"919096989461","wa_id":"919096989461"}],"messages":[{"id":"wamid.HBgMOTE5MDk2OTg5NDYxFQIAERgSODIwODdBMDBCMTJGNkJCOTE4AA==","message_status":"accepted"}]}}
[2026-01-08 14:07:40] WhatsApp OTP sent successfully | {"http_code":200,"resp":{"messaging_product":"whatsapp","contacts":[{"input":"919890345644","wa_id":"919890345644"}],"messages":[{"id":"wamid.HBgMOTE5ODkwMzQ1NjQ0FQIAERgSMDM4NzkwMjI0OTIyN0I4Mzg1AA==","message_status":"accepted"}]}}
[2026-01-08 14:15:34] WhatsApp OTP sent successfully | {"http_code":200,"resp":{"messaging_product":"whatsapp","contacts":[{"input":"919890345644","wa_id":"919890345644"}],"messages":[{"id":"wamid.HBgMOTE5ODkwMzQ1NjQ0FQIAERgSQjE3RUU0N0FBQUYwOTNDQzQyAA==","message_status":"accepted"}]}}
[2026-01-08 14:51:20] WhatsApp OTP sent successfully | {"http_code":200,"resp":{"messaging_product":"whatsapp","contacts":[{"input":"919096463943","wa_id":"919096463943"}],"messages":[{"id":"wamid.HBgMOTE5MDk2NDYzOTQzFQIAERgSNEI0MkQzMzE2RjhENDlGOUY0AA==","message_status":"accepted"}]}}
[2026-01-08 14:52:23] WhatsApp OTP sent successfully | {"http_code":200,"resp":{"messaging_product":"whatsapp","contacts":[{"input":"919890345644","wa_id":"919890345644"}],"messages":[{"id":"wamid.HBgMOTE5ODkwMzQ1NjQ0FQIAERgSNEMwMzkzOUVENjAxRDY4QTNCAA==","message_status":"accepted"}]}}
[2026-01-08 16:14:36] WhatsApp OTP sent successfully | {"http_code":200,"resp":{"messaging_product":"whatsapp","contacts":[{"input":"918888845366","wa_id":"918888845366"}],"messages":[{"id":"wamid.HBgMOTE4ODg4ODQ1MzY2FQIAERgSQUIyQTlBODZBNzkwMDI0NDlFAA==","message_status":"accepted"}]}}
[2026-01-08 16:48:48] WhatsApp OTP sent successfully | {"http_code":200,"resp":{"messaging_product":"whatsapp","contacts":[{"input":"919890345644","wa_id":"919890345644"}],"messages":[{"id":"wamid.HBgMOTE5ODkwMzQ1NjQ0FQIAERgSOUQzMzM4N0VERjdDRTY1QTQ3AA==","message_status":"accepted"}]}}
[2026-01-08 20:55:07] WhatsApp OTP sent successfully | {"http_code":200,"resp":{"messaging_product":"whatsapp","contacts":[{"input":"919096463943","wa_id":"919096463943"}],"messages":[{"id":"wamid.HBgMOTE5MDk2NDYzOTQzFQIAERgSQjQwOEM3NTIzRUQyQzEzRDU5AA==","message_status":"accepted"}]}}
[2026-01-09 00:04:48] WhatsApp OTP sent successfully | {"http_code":200,"resp":{"messaging_product":"whatsapp","contacts":[{"input":"919096989461","wa_id":"919096989461"}],"messages":[{"id":"wamid.HBgMOTE5MDk2OTg5NDYxFQIAERgSNDc5Njc0MzY1MkFGNUU0MkNFAA==","message_status":"accepted"}]}}
[2026-01-09 03:23:45] WhatsApp OTP sent successfully | {"http_code":200,"resp":{"messaging_product":"whatsapp","contacts":[{"input":"918888845366","wa_id":"918888845366"}],"messages":[{"id":"wamid.HBgMOTE4ODg4ODQ1MzY2FQIAERgSQjY3NTU0ODk0RkRCOEQyQzg4AA==","message_status":"accepted"}]}}
[2026-01-09 04:39:35] WhatsApp OTP sent successfully | {"http_code":200,"resp":{"messaging_product":"whatsapp","contacts":[{"input":"918888845366","wa_id":"918888845366"}],"messages":[{"id":"wamid.HBgMOTE4ODg4ODQ1MzY2FQIAERgSQjNENEI0MkQ3MkY3NzY3NTNBAA==","message_status":"accepted"}]}}
[2026-01-09 04:59:05] WhatsApp OTP sent successfully | {"http_code":200,"resp":{"messaging_product":"whatsapp","contacts":[{"input":"919096463943","wa_id":"919096463943"}],"messages":[{"id":"wamid.HBgMOTE5MDk2NDYzOTQzFQIAERgSOEEwRjY4RUE1RjMwNkREMDY3AA==","message_status":"accepted"}]}}
[2026-01-09 08:30:07] WhatsApp OTP sent successfully | {"http_code":200,"resp":{"messaging_product":"whatsapp","contacts":[{"input":"919096463943","wa_id":"919096463943"}],"messages":[{"id":"wamid.HBgMOTE5MDk2NDYzOTQzFQIAERgSRDg2N0I2OEFDMjlFQzAxQjk0AA==","message_status":"accepted"}]}}
[2026-01-09 08:57:35] WhatsApp OTP sent successfully | {"http_code":200,"resp":{"messaging_product":"whatsapp","contacts":[{"input":"918888845366","wa_id":"918888845366"}],"messages":[{"id":"wamid.HBgMOTE4ODg4ODQ1MzY2FQIAERgSOUYwNEVDNDc2RjY5N0Q4MEFGAA==","message_status":"accepted"}]}}
[2026-01-09 08:59:24] WhatsApp OTP sent successfully | {"http_code":200,"resp":{"messaging_product":"whatsapp","contacts":[{"input":"919890345644","wa_id":"919890345644"}],"messages":[{"id":"wamid.HBgMOTE5ODkwMzQ1NjQ0FQIAERgSODlEMUY4QUVGMkE5RTZEQUYxAA==","message_status":"accepted"}]}}
[2026-01-09 11:10:58] WhatsApp OTP sent successfully | {"http_code":200,"resp":{"messaging_product":"whatsapp","contacts":[{"input":"918888845366","wa_id":"918888845366"}],"messages":[{"id":"wamid.HBgMOTE4ODg4ODQ1MzY2FQIAERgSOTg0M0Q0MENEQTVGRUZFMzFGAA==","message_status":"accepted"}]}}
[2026-01-09 11:40:24] WhatsApp OTP sent successfully | {"http_code":200,"resp":{"messaging_product":"whatsapp","contacts":[{"input":"919096463943","wa_id":"919096463943"}],"messages":[{"id":"wamid.HBgMOTE5MDk2NDYzOTQzFQIAERgSQjE1MTI4RTQ0OTAwQ0IxNTYzAA==","message_status":"accepted"}]}}
[2026-01-09 11:47:30] WhatsApp OTP sent successfully | {"http_code":200,"resp":{"messaging_product":"whatsapp","contacts":[{"input":"918888845366","wa_id":"918888845366"}],"messages":[{"id":"wamid.HBgMOTE4ODg4ODQ1MzY2FQIAERgSOTcyNTY3RTVGNjk3OUYzRjI2AA==","message_status":"accepted"}]}}
[2026-01-09 12:38:29] WhatsApp OTP sent successfully | {"http_code":200,"resp":{"messaging_product":"whatsapp","contacts":[{"input":"918888845366","wa_id":"918888845366"}],"messages":[{"id":"wamid.HBgMOTE4ODg4ODQ1MzY2FQIAERgSOUI1RUJCN0RCNkFCNDlDN0Q2AA==","message_status":"accepted"}]}}
[2026-01-09 12:44:58] WhatsApp OTP sent successfully | {"http_code":200,"resp":{"messaging_product":"whatsapp","contacts":[{"input":"919096463943","wa_id":"919096463943"}],"messages":[{"id":"wamid.HBgMOTE5MDk2NDYzOTQzFQIAERgSQzRFQ0M0MTg2MjFCMDMyMTY1AA==","message_status":"accepted"}]}}
[2026-01-09 13:47:54] WhatsApp OTP sent successfully | {"http_code":200,"resp":{"messaging_product":"whatsapp","contacts":[{"input":"919096463943","wa_id":"919096463943"}],"messages":[{"id":"wamid.HBgMOTE5MDk2NDYzOTQzFQIAERgSOUJGNEVBOUU4MDMzRkFBNThCAA==","message_status":"accepted"}]}}
[2026-01-09 14:03:48] WhatsApp OTP sent successfully | {"http_code":200,"resp":{"messaging_product":"whatsapp","contacts":[{"input":"918888845366","wa_id":"918888845366"}],"messages":[{"id":"wamid.HBgMOTE4ODg4ODQ1MzY2FQIAERgSOEMxRUYzQ0U0NjQ1OUNDMTNDAA==","message_status":"accepted"}]}}
[2026-01-09 14:24:43] WhatsApp OTP sent successfully | {"http_code":200,"resp":{"messaging_product":"whatsapp","contacts":[{"input":"919890345644","wa_id":"919890345644"}],"messages":[{"id":"wamid.HBgMOTE5ODkwMzQ1NjQ0FQIAERgSQUM5OEEwOEM2Qjg0MjgyNjkwAA==","message_status":"accepted"}]}}
[2026-01-09 16:01:15] WhatsApp OTP sent successfully | {"http_code":200,"resp":{"messaging_product":"whatsapp","contacts":[{"input":"919890345644","wa_id":"919890345644"}],"messages":[{"id":"wamid.HBgMOTE5ODkwMzQ1NjQ0FQIAERgSQTc1QTMwQzMzMjIyMzFBN0NCAA==","message_status":"accepted"}]}}
[2026-01-09 16:26:19] WhatsApp OTP sent successfully | {"http_code":200,"resp":{"messaging_product":"whatsapp","contacts":[{"input":"919096463943","wa_id":"919096463943"}],"messages":[{"id":"wamid.HBgMOTE5MDk2NDYzOTQzFQIAERgSNjNDNzhEMTU1RUUyMzgzNDE2AA==","message_status":"accepted"}]}}
[2026-01-09 17:09:08] WhatsApp OTP sent successfully | {"http_code":200,"resp":{"messaging_product":"whatsapp","contacts":[{"input":"919096463943","wa_id":"919096463943"}],"messages":[{"id":"wamid.HBgMOTE5MDk2NDYzOTQzFQIAERgSNkQ3NjJFODE0RTBEMEQwMjUyAA==","message_status":"accepted"}]}}
[2026-01-09 17:17:06] WhatsApp OTP sent successfully | {"http_code":200,"resp":{"messaging_product":"whatsapp","contacts":[{"input":"919226807651","wa_id":"919226807651"}],"messages":[{"id":"wamid.HBgMOTE5MjI2ODA3NjUxFQIAERgSQzNGQTFBNEU4MTI0NkEzQkIwAA==","message_status":"accepted"}]}}
[2026-01-09 17:36:42] WhatsApp OTP sent successfully | {"http_code":200,"resp":{"messaging_product":"whatsapp","contacts":[{"input":"919096463943","wa_id":"919096463943"}],"messages":[{"id":"wamid.HBgMOTE5MDk2NDYzOTQzFQIAERgSNjVGMkU3ODlFRDM5RThDODkzAA==","message_status":"accepted"}]}}
[2026-01-09 17:58:27] WhatsApp OTP sent successfully | {"http_code":200,"resp":{"messaging_product":"whatsapp","contacts":[{"input":"919890345644","wa_id":"919890345644"}],"messages":[{"id":"wamid.HBgMOTE5ODkwMzQ1NjQ0FQIAERgSMTAwNTQ2NTBDMjYyMjZBRDAzAA==","message_status":"accepted"}]}}
[2026-01-09 18:17:17] WhatsApp OTP sent successfully | {"http_code":200,"resp":{"messaging_product":"whatsapp","contacts":[{"input":"919096463943","wa_id":"919096463943"}],"messages":[{"id":"wamid.HBgMOTE5MDk2NDYzOTQzFQIAERgSMDkxRDQxODMzOUY3NDM0NTc2AA==","message_status":"accepted"}]}}
[2026-01-09 23:12:39] WhatsApp OTP sent successfully | {"http_code":200,"resp":{"messaging_product":"whatsapp","contacts":[{"input":"919096463943","wa_id":"919096463943"}],"messages":[{"id":"wamid.HBgMOTE5MDk2NDYzOTQzFQIAERgSQzVCMDZDRjk0MDY2NDI5REJDAA==","message_status":"accepted"}]}}
[2026-01-10 02:46:41] WhatsApp OTP sent successfully | {"http_code":200,"resp":{"messaging_product":"whatsapp","contacts":[{"input":"919096463943","wa_id":"919096463943"}],"messages":[{"id":"wamid.HBgMOTE5MDk2NDYzOTQzFQIAERgSRjI3OUE3ODAyQkVBMTFDNjNBAA==","message_status":"accepted"}]}}
[2026-01-10 02:52:49] WhatsApp OTP sent successfully | {"http_code":200,"resp":{"messaging_product":"whatsapp","contacts":[{"input":"919096463943","wa_id":"919096463943"}],"messages":[{"id":"wamid.HBgMOTE5MDk2NDYzOTQzFQIAERgSODM5MTQwNUM2OTg2RjAwQkRFAA==","message_status":"accepted"}]}}
[2026-01-10 03:22:49] WhatsApp OTP sent successfully | {"http_code":200,"resp":{"messaging_product":"whatsapp","contacts":[{"input":"919890345644","wa_id":"919890345644"}],"messages":[{"id":"wamid.HBgMOTE5ODkwMzQ1NjQ0FQIAERgSRDI2Qjg3NjVEODM5QTEzNDY5AA==","message_status":"accepted"}]}}
[2026-01-10 04:11:11] WhatsApp OTP sent successfully | {"http_code":200,"resp":{"messaging_product":"whatsapp","contacts":[{"input":"919096463943","wa_id":"919096463943"}],"messages":[{"id":"wamid.HBgMOTE5MDk2NDYzOTQzFQIAERgSOTYxNURDQUE2NkNGNjhFQzAxAA==","message_status":"accepted"}]}}
[2026-01-10 04:20:26] WhatsApp OTP sent successfully | {"http_code":200,"resp":{"messaging_product":"whatsapp","contacts":[{"input":"918888845366","wa_id":"918888845366"}],"messages":[{"id":"wamid.HBgMOTE4ODg4ODQ1MzY2FQIAERgSMDc5RTlEOTY2QkM2NTQwMURBAA==","message_status":"accepted"}]}}
[2026-01-10 05:35:12] WhatsApp OTP sent successfully | {"http_code":200,"resp":{"messaging_product":"whatsapp","contacts":[{"input":"919096463943","wa_id":"919096463943"}],"messages":[{"id":"wamid.HBgMOTE5MDk2NDYzOTQzFQIAERgSN0UwQzBCNTcxNThBNDRGOTlGAA==","message_status":"accepted"}]}}
[2026-01-10 06:03:11] WhatsApp OTP sent successfully | {"http_code":200,"resp":{"messaging_product":"whatsapp","contacts":[{"input":"919890345644","wa_id":"919890345644"}],"messages":[{"id":"wamid.HBgMOTE5ODkwMzQ1NjQ0FQIAERgSN0VDMzFCNTdEOUYxRERBMzM2AA==","message_status":"accepted"}]}}
[2026-01-10 06:29:32] WhatsApp OTP sent successfully | {"http_code":200,"resp":{"messaging_product":"whatsapp","contacts":[{"input":"919890345644","wa_id":"919890345644"}],"messages":[{"id":"wamid.HBgMOTE5ODkwMzQ1NjQ0FQIAERgSMzQ1NEIyMEI0MTFBNkI2NEUxAA==","message_status":"accepted"}]}}
[2026-01-10 07:22:36] WhatsApp OTP sent successfully | {"http_code":200,"resp":{"messaging_product":"whatsapp","contacts":[{"input":"918888845366","wa_id":"918888845366"}],"messages":[{"id":"wamid.HBgMOTE4ODg4ODQ1MzY2FQIAERgSMUMwQUJGMjAwQTM3QkI1QTc3AA==","message_status":"accepted"}]}}
[2026-01-10 08:03:34] WhatsApp OTP sent successfully | {"http_code":200,"resp":{"messaging_product":"whatsapp","contacts":[{"input":"919096463943","wa_id":"919096463943"}],"messages":[{"id":"wamid.HBgMOTE5MDk2NDYzOTQzFQIAERgSRDQyRDRBMzAxQ0JCMDg1Njg2AA==","message_status":"accepted"}]}}
[2026-01-10 08:04:23] WhatsApp OTP sent successfully | {"http_code":200,"resp":{"messaging_product":"whatsapp","contacts":[{"input":"919096463943","wa_id":"919096463943"}],"messages":[{"id":"wamid.HBgMOTE5MDk2NDYzOTQzFQIAERgSRjVFNUI0Qjc3QTZEMzM2MEMxAA==","message_status":"accepted"}]}}
[2026-01-10 08:20:20] WhatsApp OTP sent successfully | {"http_code":200,"resp":{"messaging_product":"whatsapp","contacts":[{"input":"919890345644","wa_id":"919890345644"}],"messages":[{"id":"wamid.HBgMOTE5ODkwMzQ1NjQ0FQIAERgSN0Q0ODkyNjZGOTc1MTA3NDczAA==","message_status":"accepted"}]}}
[2026-01-10 09:00:34] WhatsApp OTP sent successfully | {"http_code":200,"resp":{"messaging_product":"whatsapp","contacts":[{"input":"919890345644","wa_id":"919890345644"}],"messages":[{"id":"wamid.HBgMOTE5ODkwMzQ1NjQ0FQIAERgSMDNERDcyMzRGMzYyNzE1MjdGAA==","message_status":"accepted"}]}}
[2026-01-10 09:12:26] WhatsApp OTP sent successfully | {"http_code":200,"resp":{"messaging_product":"whatsapp","contacts":[{"input":"918888845366","wa_id":"918888845366"}],"messages":[{"id":"wamid.HBgMOTE4ODg4ODQ1MzY2FQIAERgSMUUzRjk5ODk2NjAyMzFBMjUzAA==","message_status":"accepted"}]}}
[2026-01-10 09:27:35] WhatsApp OTP sent successfully | {"http_code":200,"resp":{"messaging_product":"whatsapp","contacts":[{"input":"919096463943","wa_id":"919096463943"}],"messages":[{"id":"wamid.HBgMOTE5MDk2NDYzOTQzFQIAERgSRjRDMDZFQjAxQzRFRTNCNzRCAA==","message_status":"accepted"}]}}
[2026-01-10 09:47:08] WhatsApp OTP sent successfully | {"http_code":200,"resp":{"messaging_product":"whatsapp","contacts":[{"input":"919890345644","wa_id":"919890345644"}],"messages":[{"id":"wamid.HBgMOTE5ODkwMzQ1NjQ0FQIAERgSNjAxM0YwRkZGQTA4MkU5OTlDAA==","message_status":"accepted"}]}}
[2026-01-10 10:35:39] WhatsApp OTP sent successfully | {"http_code":200,"resp":{"messaging_product":"whatsapp","contacts":[{"input":"919890345644","wa_id":"919890345644"}],"messages":[{"id":"wamid.HBgMOTE5ODkwMzQ1NjQ0FQIAERgSMjVGQkZCQTRFNTRDOUY1MjFDAA==","message_status":"accepted"}]}}
[2026-01-10 11:10:53] WhatsApp OTP sent successfully | {"http_code":200,"resp":{"messaging_product":"whatsapp","contacts":[{"input":"919096463943","wa_id":"919096463943"}],"messages":[{"id":"wamid.HBgMOTE5MDk2NDYzOTQzFQIAERgSMjBERTcwNTM2OTEzNDY4MURDAA==","message_status":"accepted"}]}}
[2026-01-10 12:07:19] WhatsApp OTP sent successfully | {"http_code":200,"resp":{"messaging_product":"whatsapp","contacts":[{"input":"918888845366","wa_id":"918888845366"}],"messages":[{"id":"wamid.HBgMOTE4ODg4ODQ1MzY2FQIAERgSQzVENjQ4MjM1NkNENzAzNDJBAA==","message_status":"accepted"}]}}
[2026-01-10 12:50:10] WhatsApp OTP sent successfully | {"http_code":200,"resp":{"messaging_product":"whatsapp","contacts":[{"input":"919096463943","wa_id":"919096463943"}],"messages":[{"id":"wamid.HBgMOTE5MDk2NDYzOTQzFQIAERgSOTlBMEJGMUFFQkUzNzhFOENBAA==","message_status":"accepted"}]}}
[2026-01-10 12:55:51] WhatsApp OTP sent successfully | {"http_code":200,"resp":{"messaging_product":"whatsapp","contacts":[{"input":"918888845366","wa_id":"918888845366"}],"messages":[{"id":"wamid.HBgMOTE4ODg4ODQ1MzY2FQIAERgSMDk0MjgxMzQ0OUEwQTZGOTlFAA==","message_status":"accepted"}]}}
[2026-01-10 12:56:00] WhatsApp OTP sent successfully | {"http_code":200,"resp":{"messaging_product":"whatsapp","contacts":[{"input":"919096989461","wa_id":"919096989461"}],"messages":[{"id":"wamid.HBgMOTE5MDk2OTg5NDYxFQIAERgSRjAyNjUyNEFDMThFMzg5NjUyAA==","message_status":"accepted"}]}}
[2026-01-10 12:59:49] WhatsApp OTP sent successfully | {"http_code":200,"resp":{"messaging_product":"whatsapp","contacts":[{"input":"918888845366","wa_id":"918888845366"}],"messages":[{"id":"wamid.HBgMOTE4ODg4ODQ1MzY2FQIAERgSMUU1NTBDMEEzRTk0RDM2QkYyAA==","message_status":"accepted"}]}}
[2026-01-10 13:34:57] WhatsApp OTP sent successfully | {"http_code":200,"resp":{"messaging_product":"whatsapp","contacts":[{"input":"919096463943","wa_id":"919096463943"}],"messages":[{"id":"wamid.HBgMOTE5MDk2NDYzOTQzFQIAERgSMTJBQTIzOEYyRkJBODlFM0U2AA==","message_status":"accepted"}]}}
[2026-01-10 14:15:51] WhatsApp OTP sent successfully | {"http_code":200,"resp":{"messaging_product":"whatsapp","contacts":[{"input":"918888845366","wa_id":"918888845366"}],"messages":[{"id":"wamid.HBgMOTE4ODg4ODQ1MzY2FQIAERgSNzRGNTczNEJEMUU3QjFCRTJCAA==","message_status":"accepted"}]}}
[2026-01-10 15:48:21] WhatsApp OTP sent successfully | {"http_code":200,"resp":{"messaging_product":"whatsapp","contacts":[{"input":"919096463943","wa_id":"919096463943"}],"messages":[{"id":"wamid.HBgMOTE5MDk2NDYzOTQzFQIAERgSRTg5QTkxREM0QzczN0I3OTQzAA==","message_status":"accepted"}]}}
[2026-01-10 15:48:59] WhatsApp OTP sent successfully | {"http_code":200,"resp":{"messaging_product":"whatsapp","contacts":[{"input":"919890345644","wa_id":"919890345644"}],"messages":[{"id":"wamid.HBgMOTE5ODkwMzQ1NjQ0FQIAERgSM0Q1QkM5QzM5QjcyMDFBMzM3AA==","message_status":"accepted"}]}}
[2026-01-10 16:03:43] WhatsApp OTP sent successfully | {"http_code":200,"resp":{"messaging_product":"whatsapp","contacts":[{"input":"918888845366","wa_id":"918888845366"}],"messages":[{"id":"wamid.HBgMOTE4ODg4ODQ1MzY2FQIAERgSODE5RDYxNEFBNkMxRTg4MzEzAA==","message_status":"accepted"}]}}
[2026-01-10 16:50:50] WhatsApp OTP sent successfully | {"http_code":200,"resp":{"messaging_product":"whatsapp","contacts":[{"input":"918888845366","wa_id":"918888845366"}],"messages":[{"id":"wamid.HBgMOTE4ODg4ODQ1MzY2FQIAERgSRUY3MUE2QjdGN0EzMzBGRTE2AA==","message_status":"accepted"}]}}
[2026-01-10 17:09:09] WhatsApp OTP sent successfully | {"http_code":200,"resp":{"messaging_product":"whatsapp","contacts":[{"input":"919890345644","wa_id":"919890345644"}],"messages":[{"id":"wamid.HBgMOTE5ODkwMzQ1NjQ0FQIAERgSREVBRjAwRkE5RjJBMjgyODgyAA==","message_status":"accepted"}]}}
[2026-01-10 17:10:56] WhatsApp OTP sent successfully | {"http_code":200,"resp":{"messaging_product":"whatsapp","contacts":[{"input":"919096463943","wa_id":"919096463943"}],"messages":[{"id":"wamid.HBgMOTE5MDk2NDYzOTQzFQIAERgSM0Q0RjBBQTU5OTMzNzNGOTI0AA==","message_status":"accepted"}]}}
[2026-01-10 18:23:07] WhatsApp OTP sent successfully | {"http_code":200,"resp":{"messaging_product":"whatsapp","contacts":[{"input":"919096463943","wa_id":"919096463943"}],"messages":[{"id":"wamid.HBgMOTE5MDk2NDYzOTQzFQIAERgSREI1MEZDRUQ3QTY0NzZDMThFAA==","message_status":"accepted"}]}}
[2026-01-10 19:06:43] WhatsApp OTP sent successfully | {"http_code":200,"resp":{"messaging_product":"whatsapp","contacts":[{"input":"919890345644","wa_id":"919890345644"}],"messages":[{"id":"wamid.HBgMOTE5ODkwMzQ1NjQ0FQIAERgSNzEyOUE3RTQ3RUE1NUExQ0YwAA==","message_status":"accepted"}]}}
[2026-01-10 19:23:41] WhatsApp OTP sent successfully | {"http_code":200,"resp":{"messaging_product":"whatsapp","contacts":[{"input":"919096463943","wa_id":"919096463943"}],"messages":[{"id":"wamid.HBgMOTE5MDk2NDYzOTQzFQIAERgSODA4NDRDMEE1QjlDMzQ0NzUxAA==","message_status":"accepted"}]}}
[2026-01-11 01:17:33] WhatsApp OTP sent successfully | {"http_code":200,"resp":{"messaging_product":"whatsapp","contacts":[{"input":"919096463943","wa_id":"919096463943"}],"messages":[{"id":"wamid.HBgMOTE5MDk2NDYzOTQzFQIAERgSNTkzRERGRkMxRkNDMzRCQTBDAA==","message_status":"accepted"}]}}
[2026-01-11 01:42:04] WhatsApp OTP sent successfully | {"http_code":200,"resp":{"messaging_product":"whatsapp","contacts":[{"input":"919096989461","wa_id":"919096989461"}],"messages":[{"id":"wamid.HBgMOTE5MDk2OTg5NDYxFQIAERgSODBFREM2NkE3MTlGODhGRjExAA==","message_status":"accepted"}]}}
[2026-01-11 02:16:00] WhatsApp OTP sent successfully | {"http_code":200,"resp":{"messaging_product":"whatsapp","contacts":[{"input":"919096463943","wa_id":"919096463943"}],"messages":[{"id":"wamid.HBgMOTE5MDk2NDYzOTQzFQIAERgSNDE1QjZCQTRDQTIwMzA4MTBBAA==","message_status":"accepted"}]}}
[2026-01-11 03:08:41] WhatsApp OTP sent successfully | {"http_code":200,"resp":{"messaging_product":"whatsapp","contacts":[{"input":"919096463943","wa_id":"919096463943"}],"messages":[{"id":"wamid.HBgMOTE5MDk2NDYzOTQzFQIAERgSQkU0MzhGQ0YyMEE3QThCRUJFAA==","message_status":"accepted"}]}}
[2026-01-11 03:26:24] WhatsApp OTP sent successfully | {"http_code":200,"resp":{"messaging_product":"whatsapp","contacts":[{"input":"918888845366","wa_id":"918888845366"}],"messages":[{"id":"wamid.HBgMOTE4ODg4ODQ1MzY2FQIAERgSRDZENkZEQTI3MTI3ODZCRTE4AA==","message_status":"accepted"}]}}
[2026-01-11 03:52:58] WhatsApp OTP sent successfully | {"http_code":200,"resp":{"messaging_product":"whatsapp","contacts":[{"input":"919890345644","wa_id":"919890345644"}],"messages":[{"id":"wamid.HBgMOTE5ODkwMzQ1NjQ0FQIAERgSMzM5NTM5Q0FGQUI5QzcwNTAzAA==","message_status":"accepted"}]}}
[2026-01-11 04:40:28] WhatsApp OTP sent successfully | {"http_code":200,"resp":{"messaging_product":"whatsapp","contacts":[{"input":"918888845366","wa_id":"918888845366"}],"messages":[{"id":"wamid.HBgMOTE4ODg4ODQ1MzY2FQIAERgSM0JBNjg3MzkyOEREMzM3Nzg3AA==","message_status":"accepted"}]}}
[2026-01-11 04:50:48] WhatsApp OTP sent successfully | {"http_code":200,"resp":{"messaging_product":"whatsapp","contacts":[{"input":"919890345644","wa_id":"919890345644"}],"messages":[{"id":"wamid.HBgMOTE5ODkwMzQ1NjQ0FQIAERgSRjExQ0Q5NzVEMzg0OURFOUJBAA==","message_status":"accepted"}]}}
[2026-01-11 05:24:03] WhatsApp OTP sent successfully | {"http_code":200,"resp":{"messaging_product":"whatsapp","contacts":[{"input":"919890345644","wa_id":"919890345644"}],"messages":[{"id":"wamid.HBgMOTE5ODkwMzQ1NjQ0FQIAERgSQTlEM0RGMTUyMzI3RDVGOTNDAA==","message_status":"accepted"}]}}
[2026-01-11 07:37:49] WhatsApp OTP sent successfully | {"http_code":200,"resp":{"messaging_product":"whatsapp","contacts":[{"input":"919890345644","wa_id":"919890345644"}],"messages":[{"id":"wamid.HBgMOTE5ODkwMzQ1NjQ0FQIAERgSNDc2N0Q1RThBMkFERTcyQTE5AA==","message_status":"accepted"}]}}
[2026-01-11 08:51:45] WhatsApp OTP sent successfully | {"http_code":200,"resp":{"messaging_product":"whatsapp","contacts":[{"input":"919096463943","wa_id":"919096463943"}],"messages":[{"id":"wamid.HBgMOTE5MDk2NDYzOTQzFQIAERgSRTYwNjNGMDhBN0M5MTVFMjIyAA==","message_status":"accepted"}]}}
[2026-01-11 10:32:12] WhatsApp OTP sent successfully | {"http_code":200,"resp":{"messaging_product":"whatsapp","contacts":[{"input":"919096989461","wa_id":"919096989461"}],"messages":[{"id":"wamid.HBgMOTE5MDk2OTg5NDYxFQIAERgSRDhDNUQ4MDBCNjFGNEY0N0E0AA==","message_status":"accepted"}]}}
[2026-01-11 11:40:30] WhatsApp OTP sent successfully | {"http_code":200,"resp":{"messaging_product":"whatsapp","contacts":[{"input":"918888845366","wa_id":"918888845366"}],"messages":[{"id":"wamid.HBgMOTE4ODg4ODQ1MzY2FQIAERgSQzc1QUFCQTEzMEFFRTJGRjZGAA==","message_status":"accepted"}]}}
[2026-01-11 12:47:15] WhatsApp OTP sent successfully | {"http_code":200,"resp":{"messaging_product":"whatsapp","contacts":[{"input":"919096463943","wa_id":"919096463943"}],"messages":[{"id":"wamid.HBgMOTE5MDk2NDYzOTQzFQIAERgSRjg0RDc2NkVDRTlBRTU4MjU1AA==","message_status":"accepted"}]}}
[2026-01-11 14:22:51] WhatsApp OTP sent successfully | {"http_code":200,"resp":{"messaging_product":"whatsapp","contacts":[{"input":"918888845366","wa_id":"918888845366"}],"messages":[{"id":"wamid.HBgMOTE4ODg4ODQ1MzY2FQIAERgSRDI2MUQzOTZBRENGQ0IwQzYyAA==","message_status":"accepted"}]}}
[2026-01-11 15:13:47] WhatsApp OTP sent successfully | {"http_code":200,"resp":{"messaging_product":"whatsapp","contacts":[{"input":"919890345644","wa_id":"919890345644"}],"messages":[{"id":"wamid.HBgMOTE5ODkwMzQ1NjQ0FQIAERgSNzJBNEQwRTMyN0VERkI2NUM2AA==","message_status":"accepted"}]}}
[2026-01-11 17:54:27] WhatsApp OTP sent successfully | {"http_code":200,"resp":{"messaging_product":"whatsapp","contacts":[{"input":"919890345644","wa_id":"919890345644"}],"messages":[{"id":"wamid.HBgMOTE5ODkwMzQ1NjQ0FQIAERgSRUIyOTRDOThFOEU0Q0NEMTgxAA==","message_status":"accepted"}]}}
[2026-01-12 03:03:49] WhatsApp OTP sent successfully | {"http_code":200,"resp":{"messaging_product":"whatsapp","contacts":[{"input":"919096463943","wa_id":"919096463943"}],"messages":[{"id":"wamid.HBgMOTE5MDk2NDYzOTQzFQIAERgSRjU2NDBCMEE2QTRBOThFQjU4AA==","message_status":"accepted"}]}}
[2026-01-12 03:38:58] WhatsApp OTP sent successfully | {"http_code":200,"resp":{"messaging_product":"whatsapp","contacts":[{"input":"918888845366","wa_id":"918888845366"}],"messages":[{"id":"wamid.HBgMOTE4ODg4ODQ1MzY2FQIAERgSQ0JGMTE4RjZFQjI0OTY1REQxAA==","message_status":"accepted"}]}}
[2026-01-12 05:10:37] WhatsApp OTP sent successfully | {"http_code":200,"resp":{"messaging_product":"whatsapp","contacts":[{"input":"919096463943","wa_id":"919096463943"}],"messages":[{"id":"wamid.HBgMOTE5MDk2NDYzOTQzFQIAERgSRUI2MjA5N0IyNkI1NTczNTk4AA==","message_status":"accepted"}]}}
[2026-01-12 05:40:24] WhatsApp OTP sent successfully | {"http_code":200,"resp":{"messaging_product":"whatsapp","contacts":[{"input":"919890345644","wa_id":"919890345644"}],"messages":[{"id":"wamid.HBgMOTE5ODkwMzQ1NjQ0FQIAERgSODgzQ0Q4MzhDNEVCMTY1RTRDAA==","message_status":"accepted"}]}}
[2026-01-12 05:45:46] WhatsApp OTP sent successfully | {"http_code":200,"resp":{"messaging_product":"whatsapp","contacts":[{"input":"919096463943","wa_id":"919096463943"}],"messages":[{"id":"wamid.HBgMOTE5MDk2NDYzOTQzFQIAERgSRjg0NzQ5ODg0Mzg0OUZEQzBFAA==","message_status":"accepted"}]}}
[2026-01-12 08:28:41] WhatsApp OTP sent successfully | {"http_code":200,"resp":{"messaging_product":"whatsapp","contacts":[{"input":"918888845366","wa_id":"918888845366"}],"messages":[{"id":"wamid.HBgMOTE4ODg4ODQ1MzY2FQIAERgSODZDRjI1RTA5MkY2Q0MxMjQ4AA==","message_status":"accepted"}]}}
[2026-01-12 08:33:04] WhatsApp OTP sent successfully | {"http_code":200,"resp":{"messaging_product":"whatsapp","contacts":[{"input":"919422968911","wa_id":"919422968911"}],"messages":[{"id":"wamid.HBgMOTE5NDIyOTY4OTExFQIAERgSMUZDQzA4RTZCOEEyRUJFRjQ1AA==","message_status":"accepted"}]}}
[2026-01-12 09:22:42] WhatsApp OTP sent successfully | {"http_code":200,"resp":{"messaging_product":"whatsapp","contacts":[{"input":"919890345644","wa_id":"919890345644"}],"messages":[{"id":"wamid.HBgMOTE5ODkwMzQ1NjQ0FQIAERgSRDI5NDNGQUVDN0VBREFFQjMyAA==","message_status":"accepted"}]}}
[2026-01-12 11:31:10] WhatsApp OTP sent successfully | {"http_code":200,"resp":{"messaging_product":"whatsapp","contacts":[{"input":"919890345644","wa_id":"919890345644"}],"messages":[{"id":"wamid.HBgMOTE5ODkwMzQ1NjQ0FQIAERgSMjIzMEJDRTY4ODlGQzFBNzAwAA==","message_status":"accepted"}]}}
[2026-01-12 12:39:09] WhatsApp OTP sent successfully | {"http_code":200,"resp":{"messaging_product":"whatsapp","contacts":[{"input":"919890345644","wa_id":"919890345644"}],"messages":[{"id":"wamid.HBgMOTE5ODkwMzQ1NjQ0FQIAERgSRDNEODExOUNDQjI2RUU0Qzc0AA==","message_status":"accepted"}]}}
[2026-01-12 13:03:00] WhatsApp OTP sent successfully | {"http_code":200,"resp":{"messaging_product":"whatsapp","contacts":[{"input":"919096463943","wa_id":"919096463943"}],"messages":[{"id":"wamid.HBgMOTE5MDk2NDYzOTQzFQIAERgSMkYyNjYxNjMzQTE3MEFDMEE0AA==","message_status":"accepted"}]}}
[2026-01-12 13:19:01] WhatsApp OTP sent successfully | {"http_code":200,"resp":{"messaging_product":"whatsapp","contacts":[{"input":"919890345644","wa_id":"919890345644"}],"messages":[{"id":"wamid.HBgMOTE5ODkwMzQ1NjQ0FQIAERgSOUZGM0VERjVGMzE0Q0E0NjJCAA==","message_status":"accepted"}]}}
[2026-01-13 05:48:54] WhatsApp OTP sent successfully | {"http_code":200,"resp":{"messaging_product":"whatsapp","contacts":[{"input":"919096463943","wa_id":"919096463943"}],"messages":[{"id":"wamid.HBgMOTE5MDk2NDYzOTQzFQIAERgSRENFMjYwNTk3NzgwQzUwOUUwAA==","message_status":"accepted"}]}}
[2026-01-13 05:50:11] WhatsApp OTP sent successfully | {"http_code":200,"resp":{"messaging_product":"whatsapp","contacts":[{"input":"919096989461","wa_id":"919096989461"}],"messages":[{"id":"wamid.HBgMOTE5MDk2OTg5NDYxFQIAERgSOEFCMkMxNDI5MzkzQkM0MDE4AA==","message_status":"accepted"}]}}
[2026-01-13 08:02:02] WhatsApp OTP sent successfully | {"http_code":200,"resp":{"messaging_product":"whatsapp","contacts":[{"input":"919096463943","wa_id":"919096463943"}],"messages":[{"id":"wamid.HBgMOTE5MDk2NDYzOTQzFQIAERgSMkZCNjc2M0Q1MDJCMTI3Mzg3AA==","message_status":"accepted"}]}}
[2026-01-13 09:25:55] WhatsApp OTP sent successfully | {"http_code":200,"resp":{"messaging_product":"whatsapp","contacts":[{"input":"919890345644","wa_id":"919890345644"}],"messages":[{"id":"wamid.HBgMOTE5ODkwMzQ1NjQ0FQIAERgSOUQwRjhEMUQ1NzRDQjFCMDdCAA==","message_status":"accepted"}]}}
[2026-01-13 10:59:30] WhatsApp OTP sent successfully | {"http_code":200,"resp":{"messaging_product":"whatsapp","contacts":[{"input":"919096463943","wa_id":"919096463943"}],"messages":[{"id":"wamid.HBgMOTE5MDk2NDYzOTQzFQIAERgSNTUwQ0EwOUM5NUQyNUMyN0UwAA==","message_status":"accepted"}]}}
[2026-01-13 12:45:02] WhatsApp OTP sent successfully | {"http_code":200,"resp":{"messaging_product":"whatsapp","contacts":[{"input":"919096463943","wa_id":"919096463943"}],"messages":[{"id":"wamid.HBgMOTE5MDk2NDYzOTQzFQIAERgSNzUzRkE5MDQ5ODA1NzE5N0QwAA==","message_status":"accepted"}]}}
[2026-01-13 14:02:43] WhatsApp OTP sent successfully | {"http_code":200,"resp":{"messaging_product":"whatsapp","contacts":[{"input":"919096463943","wa_id":"919096463943"}],"messages":[{"id":"wamid.HBgMOTE5MDk2NDYzOTQzFQIAERgSRTczNUZGMjgzMjA0RjgzQ0MyAA==","message_status":"accepted"}]}}
[2026-01-13 14:27:43] WhatsApp OTP sent successfully | {"http_code":200,"resp":{"messaging_product":"whatsapp","contacts":[{"input":"919890345644","wa_id":"919890345644"}],"messages":[{"id":"wamid.HBgMOTE5ODkwMzQ1NjQ0FQIAERgSNUQwQ0E2MDA3NTkzNDQzN0U4AA==","message_status":"accepted"}]}}
[2026-01-13 14:59:02] WhatsApp OTP sent successfully | {"http_code":200,"resp":{"messaging_product":"whatsapp","contacts":[{"input":"919096463943","wa_id":"919096463943"}],"messages":[{"id":"wamid.HBgMOTE5MDk2NDYzOTQzFQIAERgSNTMwRUM0Nzc5NzIzQzM3QTc5AA==","message_status":"accepted"}]}}
[2026-01-13 17:12:58] WhatsApp OTP sent successfully | {"http_code":200,"resp":{"messaging_product":"whatsapp","contacts":[{"input":"919890345644","wa_id":"919890345644"}],"messages":[{"id":"wamid.HBgMOTE5ODkwMzQ1NjQ0FQIAERgSM0NCMjdCQzQxQ0I4N0ZBODJDAA==","message_status":"accepted"}]}}
[2026-01-14 01:32:22] WhatsApp OTP sent successfully | {"http_code":200,"resp":{"messaging_product":"whatsapp","contacts":[{"input":"919096463943","wa_id":"919096463943"}],"messages":[{"id":"wamid.HBgMOTE5MDk2NDYzOTQzFQIAERgSM0Q3NEM0QTBCRTY5OEYyMUJCAA==","message_status":"accepted"}]}}
[2026-01-14 04:04:45] WhatsApp OTP sent successfully | {"http_code":200,"resp":{"messaging_product":"whatsapp","contacts":[{"input":"918888845366","wa_id":"918888845366"}],"messages":[{"id":"wamid.HBgMOTE4ODg4ODQ1MzY2FQIAERgSNUY2NzUyQzhBQjY0MjQ4QUM5AA==","message_status":"accepted"}]}}
[2026-01-14 04:15:10] WhatsApp OTP sent successfully | {"http_code":200,"resp":{"messaging_product":"whatsapp","contacts":[{"input":"919096463943","wa_id":"919096463943"}],"messages":[{"id":"wamid.HBgMOTE5MDk2NDYzOTQzFQIAERgSODE4MjlGQjdCMUU1MUNFMzVEAA==","message_status":"accepted"}]}}
[2026-01-14 05:05:04] WhatsApp OTP sent successfully | {"http_code":200,"resp":{"messaging_product":"whatsapp","contacts":[{"input":"919890345644","wa_id":"919890345644"}],"messages":[{"id":"wamid.HBgMOTE5ODkwMzQ1NjQ0FQIAERgSODVGRURFMzU1RUYzNzdEQUVEAA==","message_status":"accepted"}]}}
[2026-01-14 05:20:05] WhatsApp OTP sent successfully | {"http_code":200,"resp":{"messaging_product":"whatsapp","contacts":[{"input":"919096463943","wa_id":"919096463943"}],"messages":[{"id":"wamid.HBgMOTE5MDk2NDYzOTQzFQIAERgSNjE5OTc2N0RDRjlGNjdEMjBBAA==","message_status":"accepted"}]}}
[2026-01-14 05:55:22] WhatsApp OTP sent successfully | {"http_code":200,"resp":{"messaging_product":"whatsapp","contacts":[{"input":"918888845366","wa_id":"918888845366"}],"messages":[{"id":"wamid.HBgMOTE4ODg4ODQ1MzY2FQIAERgSQTQ0QUNDREFGRTQyRDYxMjcyAA==","message_status":"accepted"}]}}
[2026-01-14 07:31:36] WhatsApp OTP sent successfully | {"http_code":200,"resp":{"messaging_product":"whatsapp","contacts":[{"input":"919890345644","wa_id":"919890345644"}],"messages":[{"id":"wamid.HBgMOTE5ODkwMzQ1NjQ0FQIAERgSN0MxODVFRjlEN0JDRUI0QjBCAA==","message_status":"accepted"}]}}
[2026-01-14 07:36:16] WhatsApp OTP sent successfully | {"http_code":200,"resp":{"messaging_product":"whatsapp","contacts":[{"input":"919890345644","wa_id":"919890345644"}],"messages":[{"id":"wamid.HBgMOTE5ODkwMzQ1NjQ0FQIAERgSMUYyMDI0NUJEMDcxQTAzMDBBAA==","message_status":"accepted"}]}}
[2026-01-14 08:24:08] WhatsApp OTP sent successfully | {"http_code":200,"resp":{"messaging_product":"whatsapp","contacts":[{"input":"919096463943","wa_id":"919096463943"}],"messages":[{"id":"wamid.HBgMOTE5MDk2NDYzOTQzFQIAERgSMzhFNzRGQzg0RjI1MTNCQTIwAA==","message_status":"accepted"}]}}
[2026-01-14 10:44:36] WhatsApp OTP sent successfully | {"http_code":200,"resp":{"messaging_product":"whatsapp","contacts":[{"input":"918888845366","wa_id":"918888845366"}],"messages":[{"id":"wamid.HBgMOTE4ODg4ODQ1MzY2FQIAERgSMERCMkQ0QkFFMEM4REUxNDg4AA==","message_status":"accepted"}]}}
[2026-01-14 11:12:37] WhatsApp OTP sent successfully | {"http_code":200,"resp":{"messaging_product":"whatsapp","contacts":[{"input":"918888845366","wa_id":"918888845366"}],"messages":[{"id":"wamid.HBgMOTE4ODg4ODQ1MzY2FQIAERgSQTkzOURENTg0Q0QzNEQ5RTNFAA==","message_status":"accepted"}]}}
[2026-01-14 12:48:32] WhatsApp OTP sent successfully | {"http_code":200,"resp":{"messaging_product":"whatsapp","contacts":[{"input":"919096463943","wa_id":"919096463943"}],"messages":[{"id":"wamid.HBgMOTE5MDk2NDYzOTQzFQIAERgSRjFDQ0Q2ODM3RjY1OTg1RUE1AA==","message_status":"accepted"}]}}
[2026-01-14 13:45:56] WhatsApp OTP sent successfully | {"http_code":200,"resp":{"messaging_product":"whatsapp","contacts":[{"input":"919890345644","wa_id":"919890345644"}],"messages":[{"id":"wamid.HBgMOTE5ODkwMzQ1NjQ0FQIAERgSQjU2RTNEMEQyOEQ2NTRGQjZCAA==","message_status":"accepted"}]}}
[2026-01-14 14:41:28] WhatsApp OTP sent successfully | {"http_code":200,"resp":{"messaging_product":"whatsapp","contacts":[{"input":"919890345644","wa_id":"919890345644"}],"messages":[{"id":"wamid.HBgMOTE5ODkwMzQ1NjQ0FQIAERgSNDY3ODVFMjhBQUMxRUE0NDY5AA==","message_status":"accepted"}]}}
[2026-01-14 15:22:52] WhatsApp OTP sent successfully | {"http_code":200,"resp":{"messaging_product":"whatsapp","contacts":[{"input":"919890345644","wa_id":"919890345644"}],"messages":[{"id":"wamid.HBgMOTE5ODkwMzQ1NjQ0FQIAERgSMjg5OTZFN0M2QjQ2QkM5OEQzAA==","message_status":"accepted"}]}}
[2026-01-15 04:02:48] WhatsApp OTP sent successfully | {"http_code":200,"resp":{"messaging_product":"whatsapp","contacts":[{"input":"919096463943","wa_id":"919096463943"}],"messages":[{"id":"wamid.HBgMOTE5MDk2NDYzOTQzFQIAERgSQ0E4QjYyQTgzQzhFNjNBMTZCAA==","message_status":"accepted"}]}}
[2026-01-15 06:16:18] WhatsApp OTP sent successfully | {"http_code":200,"resp":{"messaging_product":"whatsapp","contacts":[{"input":"919096463943","wa_id":"919096463943"}],"messages":[{"id":"wamid.HBgMOTE5MDk2NDYzOTQzFQIAERgSNjAwMUQ3NjM4RjMyMDc4NDNBAA==","message_status":"accepted"}]}}
[2026-01-15 08:15:51] WhatsApp OTP sent successfully | {"http_code":200,"resp":{"messaging_product":"whatsapp","contacts":[{"input":"919096463943","wa_id":"919096463943"}],"messages":[{"id":"wamid.HBgMOTE5MDk2NDYzOTQzFQIAERgSRTg4MUQ1ODBBOTBBNDQxMDMwAA==","message_status":"accepted"}]}}
[2026-01-15 09:39:36] WhatsApp OTP sent successfully | {"http_code":200,"resp":{"messaging_product":"whatsapp","contacts":[{"input":"918888845366","wa_id":"918888845366"}],"messages":[{"id":"wamid.HBgMOTE4ODg4ODQ1MzY2FQIAERgSMzQ2RDQ3NTU3N0E3MjJERUY2AA==","message_status":"accepted"}]}}
[2026-01-15 10:05:48] WhatsApp OTP sent successfully | {"http_code":200,"resp":{"messaging_product":"whatsapp","contacts":[{"input":"919096463943","wa_id":"919096463943"}],"messages":[{"id":"wamid.HBgMOTE5MDk2NDYzOTQzFQIAERgSNUQxRkIyRTU4OTJBNDlDQ0Q5AA==","message_status":"accepted"}]}}
[2026-01-15 10:05:53] WhatsApp OTP sent successfully | {"http_code":200,"resp":{"messaging_product":"whatsapp","contacts":[{"input":"919890345644","wa_id":"919890345644"}],"messages":[{"id":"wamid.HBgMOTE5ODkwMzQ1NjQ0FQIAERgSQzVFODU4RTYxNkVENkFEMzY0AA==","message_status":"accepted"}]}}
[2026-01-15 10:17:11] WhatsApp OTP sent successfully | {"http_code":200,"resp":{"messaging_product":"whatsapp","contacts":[{"input":"919096463943","wa_id":"919096463943"}],"messages":[{"id":"wamid.HBgMOTE5MDk2NDYzOTQzFQIAERgSNkIxNzAxMzk3MUI5NzU1MkQ0AA==","message_status":"accepted"}]}}
[2026-01-15 14:37:59] WhatsApp OTP sent successfully | {"http_code":200,"resp":{"messaging_product":"whatsapp","contacts":[{"input":"919096463943","wa_id":"919096463943"}],"messages":[{"id":"wamid.HBgMOTE5MDk2NDYzOTQzFQIAERgSODBFRTIyRDY2RjE2MzFCQzNCAA==","message_status":"accepted"}]}}
[2026-01-15 14:44:17] WhatsApp OTP sent successfully | {"http_code":200,"resp":{"messaging_product":"whatsapp","contacts":[{"input":"919890345644","wa_id":"919890345644"}],"messages":[{"id":"wamid.HBgMOTE5ODkwMzQ1NjQ0FQIAERgSRjcxNDgzMTgxQjExMzQ0RkU4AA==","message_status":"accepted"}]}}
[2026-01-15 15:45:23] WhatsApp OTP sent successfully | {"http_code":200,"resp":{"messaging_product":"whatsapp","contacts":[{"input":"919096463943","wa_id":"919096463943"}],"messages":[{"id":"wamid.HBgMOTE5MDk2NDYzOTQzFQIAERgSODc5OEI0MkNGMTU4NUNBMDFFAA==","message_status":"accepted"}]}}
[2026-01-15 19:03:31] WhatsApp OTP sent successfully | {"http_code":200,"resp":{"messaging_product":"whatsapp","contacts":[{"input":"919890345644","wa_id":"919890345644"}],"messages":[{"id":"wamid.HBgMOTE5ODkwMzQ1NjQ0FQIAERgSMzZFREY2MTY1REVCN0EzQURBAA==","message_status":"accepted"}]}}
[2026-01-16 03:36:21] WhatsApp OTP sent successfully | {"http_code":200,"resp":{"messaging_product":"whatsapp","contacts":[{"input":"918888845366","wa_id":"918888845366"}],"messages":[{"id":"wamid.HBgMOTE4ODg4ODQ1MzY2FQIAERgSQTIyNDY0NjU2MjVENzQ3QTQwAA==","message_status":"accepted"}]}}
[2026-01-16 04:33:59] WhatsApp OTP sent successfully | {"http_code":200,"resp":{"messaging_product":"whatsapp","contacts":[{"input":"919890345644","wa_id":"919890345644"}],"messages":[{"id":"wamid.HBgMOTE5ODkwMzQ1NjQ0FQIAERgSQjM5NDQ2QTM4OUUyRjNDOUYyAA==","message_status":"accepted"}]}}
[2026-01-16 05:19:12] WhatsApp OTP sent successfully | {"http_code":200,"resp":{"messaging_product":"whatsapp","contacts":[{"input":"919096463943","wa_id":"919096463943"}],"messages":[{"id":"wamid.HBgMOTE5MDk2NDYzOTQzFQIAERgSNzhGMzgxMkFFRDg5NDZENTJBAA==","message_status":"accepted"}]}}
[2026-01-16 06:19:27] WhatsApp OTP sent successfully | {"http_code":200,"resp":{"messaging_product":"whatsapp","contacts":[{"input":"919096463943","wa_id":"919096463943"}],"messages":[{"id":"wamid.HBgMOTE5MDk2NDYzOTQzFQIAERgSOThDMzQwMUQ5Q0FFRTMwOTI0AA==","message_status":"accepted"}]}}
[2026-01-16 07:58:48] WhatsApp OTP sent successfully | {"http_code":200,"resp":{"messaging_product":"whatsapp","contacts":[{"input":"919096463943","wa_id":"919096463943"}],"messages":[{"id":"wamid.HBgMOTE5MDk2NDYzOTQzFQIAERgSOTc0Rjc5Rjg0ODBERTZDNUM4AA==","message_status":"accepted"}]}}
[2026-01-16 09:05:08] WhatsApp OTP sent successfully | {"http_code":200,"resp":{"messaging_product":"whatsapp","contacts":[{"input":"919890345644","wa_id":"919890345644"}],"messages":[{"id":"wamid.HBgMOTE5ODkwMzQ1NjQ0FQIAERgSM0E2MTA5MzIzNjkwQTNENzc5AA==","message_status":"accepted"}]}}
[2026-01-16 09:21:36] WhatsApp OTP sent successfully | {"http_code":200,"resp":{"messaging_product":"whatsapp","contacts":[{"input":"919096463943","wa_id":"919096463943"}],"messages":[{"id":"wamid.HBgMOTE5MDk2NDYzOTQzFQIAERgSRjIwOURFMzE5RTg3QTZGQzY2AA==","message_status":"accepted"}]}}
[2026-01-16 10:48:28] WhatsApp OTP sent successfully | {"http_code":200,"resp":{"messaging_product":"whatsapp","contacts":[{"input":"919096989461","wa_id":"919096989461"}],"messages":[{"id":"wamid.HBgMOTE5MDk2OTg5NDYxFQIAERgSM0MwNkZBOThDNDc0OTIzNDdCAA==","message_status":"accepted"}]}}
[2026-01-16 12:28:16] WhatsApp OTP sent successfully | {"http_code":200,"resp":{"messaging_product":"whatsapp","contacts":[{"input":"919890345644","wa_id":"919890345644"}],"messages":[{"id":"wamid.HBgMOTE5ODkwMzQ1NjQ0FQIAERgSQ0FBNzI0QTBFQTE4MEQzMkNEAA==","message_status":"accepted"}]}}
[2026-01-16 12:32:53] WhatsApp OTP sent successfully | {"http_code":200,"resp":{"messaging_product":"whatsapp","contacts":[{"input":"919096463943","wa_id":"919096463943"}],"messages":[{"id":"wamid.HBgMOTE5MDk2NDYzOTQzFQIAERgSMjhFQzU5Q0NGNUIzQzEwM0I2AA==","message_status":"accepted"}]}}
[2026-01-16 13:37:11] WhatsApp OTP sent successfully | {"http_code":200,"resp":{"messaging_product":"whatsapp","contacts":[{"input":"919890345644","wa_id":"919890345644"}],"messages":[{"id":"wamid.HBgMOTE5ODkwMzQ1NjQ0FQIAERgSNTlDNDQwNDdGMkY4QTY1NDc4AA==","message_status":"accepted"}]}}
[2026-01-16 13:48:30] WhatsApp OTP sent successfully | {"http_code":200,"resp":{"messaging_product":"whatsapp","contacts":[{"input":"919096463943","wa_id":"919096463943"}],"messages":[{"id":"wamid.HBgMOTE5MDk2NDYzOTQzFQIAERgSRjFBMjg1MjFCMDBCNjQ3OTUzAA==","message_status":"accepted"}]}}
[2026-01-16 15:32:15] WhatsApp OTP sent successfully | {"http_code":200,"resp":{"messaging_product":"whatsapp","contacts":[{"input":"919890345644","wa_id":"919890345644"}],"messages":[{"id":"wamid.HBgMOTE5ODkwMzQ1NjQ0FQIAERgSMTIwQTc2RDIyNDE1MUMzQzMzAA==","message_status":"accepted"}]}}
[2026-01-17 05:52:34] WhatsApp OTP sent successfully | {"http_code":200,"resp":{"messaging_product":"whatsapp","contacts":[{"input":"919096463943","wa_id":"919096463943"}],"messages":[{"id":"wamid.HBgMOTE5MDk2NDYzOTQzFQIAERgSMkJDOEJBQTE5OEU1RkUwQTczAA==","message_status":"accepted"}]}}
[2026-01-17 07:47:03] WhatsApp OTP sent successfully | {"http_code":200,"resp":{"messaging_product":"whatsapp","contacts":[{"input":"919890345644","wa_id":"919890345644"}],"messages":[{"id":"wamid.HBgMOTE5ODkwMzQ1NjQ0FQIAERgSNDBCNjU4MEY2NjRDNjI4MUU2AA==","message_status":"accepted"}]}}
[2026-01-17 09:03:44] WhatsApp OTP sent successfully | {"http_code":200,"resp":{"messaging_product":"whatsapp","contacts":[{"input":"919890345644","wa_id":"919890345644"}],"messages":[{"id":"wamid.HBgMOTE5ODkwMzQ1NjQ0FQIAERgSMjczNzMwQzIwMjNBNDBBRDQ4AA==","message_status":"accepted"}]}}
[2026-01-17 10:09:10] WhatsApp OTP sent successfully | {"http_code":200,"resp":{"messaging_product":"whatsapp","contacts":[{"input":"919890345644","wa_id":"919890345644"}],"messages":[{"id":"wamid.HBgMOTE5ODkwMzQ1NjQ0FQIAERgSRDFFMTUyOUUyN0EyQjk1MDk1AA==","message_status":"accepted"}]}}
[2026-01-17 12:24:41] WhatsApp OTP sent successfully | {"http_code":200,"resp":{"messaging_product":"whatsapp","contacts":[{"input":"919890345644","wa_id":"919890345644"}],"messages":[{"id":"wamid.HBgMOTE5ODkwMzQ1NjQ0FQIAERgSQzVBMDFDMjQ0QzMwQkFBNkJEAA==","message_status":"accepted"}]}}
[2026-01-17 12:25:38] WhatsApp OTP sent successfully | {"http_code":200,"resp":{"messaging_product":"whatsapp","contacts":[{"input":"919096989461","wa_id":"919096989461"}],"messages":[{"id":"wamid.HBgMOTE5MDk2OTg5NDYxFQIAERgSNzg5NDU4RjdGNUM2RDgxMzgwAA==","message_status":"accepted"}]}}
[2026-01-17 15:24:12] WhatsApp OTP sent successfully | {"http_code":200,"resp":{"messaging_product":"whatsapp","contacts":[{"input":"919096463943","wa_id":"919096463943"}],"messages":[{"id":"wamid.HBgMOTE5MDk2NDYzOTQzFQIAERgSOTU0Qjg2QzEwMkYyNTdEOTRBAA==","message_status":"accepted"}]}}
[2026-01-17 15:45:58] WhatsApp OTP sent successfully | {"http_code":200,"resp":{"messaging_product":"whatsapp","contacts":[{"input":"919096463943","wa_id":"919096463943"}],"messages":[{"id":"wamid.HBgMOTE5MDk2NDYzOTQzFQIAERgSRDFDNjZBMTNBQzk0ODU1NzhFAA==","message_status":"accepted"}]}}
[2026-01-17 17:58:12] WhatsApp OTP sent successfully | {"http_code":200,"resp":{"messaging_product":"whatsapp","contacts":[{"input":"919890345644","wa_id":"919890345644"}],"messages":[{"id":"wamid.HBgMOTE5ODkwMzQ1NjQ0FQIAERgSQTZFQkJEQTE0RTg5MjMzMTUxAA==","message_status":"accepted"}]}}
[2026-01-18 02:44:56] WhatsApp OTP sent successfully | {"http_code":200,"resp":{"messaging_product":"whatsapp","contacts":[{"input":"919096463943","wa_id":"919096463943"}],"messages":[{"id":"wamid.HBgMOTE5MDk2NDYzOTQzFQIAERgSN0NFRTExQkI5RUY5REY2M0Q2AA==","message_status":"accepted"}]}}
[2026-01-18 10:48:46] WhatsApp OTP sent successfully | {"http_code":200,"resp":{"messaging_product":"whatsapp","contacts":[{"input":"919890345644","wa_id":"919890345644"}],"messages":[{"id":"wamid.HBgMOTE5ODkwMzQ1NjQ0FQIAERgSQ0UzRkFGQ0U0RjEyQTQ5NUZCAA==","message_status":"accepted"}]}}
[2026-01-19 05:17:31] WhatsApp OTP sent successfully | {"http_code":200,"resp":{"messaging_product":"whatsapp","contacts":[{"input":"919890345644","wa_id":"919890345644"}],"messages":[{"id":"wamid.HBgMOTE5ODkwMzQ1NjQ0FQIAERgSQjEzMDhCMEEzQTMzNzQ4RUMxAA==","message_status":"accepted"}]}}
[2026-01-19 05:19:29] WhatsApp OTP sent successfully | {"http_code":200,"resp":{"messaging_product":"whatsapp","contacts":[{"input":"919096463943","wa_id":"919096463943"}],"messages":[{"id":"wamid.HBgMOTE5MDk2NDYzOTQzFQIAERgSRTE3NzYzQjhBNUExRkJBQzVDAA==","message_status":"accepted"}]}}
[2026-01-19 07:55:47] WhatsApp OTP sent successfully | {"http_code":200,"resp":{"messaging_product":"whatsapp","contacts":[{"input":"919096463943","wa_id":"919096463943"}],"messages":[{"id":"wamid.HBgMOTE5MDk2NDYzOTQzFQIAERgSRERDNUMzMjc1NUIzOTUxMzdFAA==","message_status":"accepted"}]}}
[2026-01-19 10:03:55] WhatsApp OTP sent successfully | {"http_code":200,"resp":{"messaging_product":"whatsapp","contacts":[{"input":"919890345644","wa_id":"919890345644"}],"messages":[{"id":"wamid.HBgMOTE5ODkwMzQ1NjQ0FQIAERgSMTNEMkMwRkE1MkVGRTUxN0NCAA==","message_status":"accepted"}]}}
[2026-01-19 11:24:58] WhatsApp OTP sent successfully | {"http_code":200,"resp":{"messaging_product":"whatsapp","contacts":[{"input":"919890345644","wa_id":"919890345644"}],"messages":[{"id":"wamid.HBgMOTE5ODkwMzQ1NjQ0FQIAERgSNEU5QTNFRjkyMDRERjQ3MUJCAA==","message_status":"accepted"}]}}
[2026-01-19 14:16:05] WhatsApp OTP sent successfully | {"http_code":200,"resp":{"messaging_product":"whatsapp","contacts":[{"input":"919096463943","wa_id":"919096463943"}],"messages":[{"id":"wamid.HBgMOTE5MDk2NDYzOTQzFQIAERgSQ0FEMzNBNThCMTgxMzk1MkFFAA==","message_status":"accepted"}]}}
[2026-01-19 14:23:19] WhatsApp OTP sent successfully | {"http_code":200,"resp":{"messaging_product":"whatsapp","contacts":[{"input":"918888845366","wa_id":"918888845366"}],"messages":[{"id":"wamid.HBgMOTE4ODg4ODQ1MzY2FQIAERgSQzdDMzcyNTAxMDI5M0NEQjlDAA==","message_status":"accepted"}]}}
[2026-01-19 15:24:28] WhatsApp OTP sent successfully | {"http_code":200,"resp":{"messaging_product":"whatsapp","contacts":[{"input":"919890345644","wa_id":"919890345644"}],"messages":[{"id":"wamid.HBgMOTE5ODkwMzQ1NjQ0FQIAERgSMThCRUU5RkY5MUM5OERGOUNCAA==","message_status":"accepted"}]}}
[2026-01-20 03:18:58] WhatsApp OTP sent successfully | {"http_code":200,"resp":{"messaging_product":"whatsapp","contacts":[{"input":"919890345644","wa_id":"919890345644"}],"messages":[{"id":"wamid.HBgMOTE5ODkwMzQ1NjQ0FQIAERgSOUI1QzVGRDZGNzkyMzdEMzQ1AA==","message_status":"accepted"}]}}
[2026-01-20 06:23:51] WhatsApp OTP sent successfully | {"http_code":200,"resp":{"messaging_product":"whatsapp","contacts":[{"input":"919890345644","wa_id":"919890345644"}],"messages":[{"id":"wamid.HBgMOTE5ODkwMzQ1NjQ0FQIAERgSRDJEMzJCOTcwMkI5RUVFNjQ0AA==","message_status":"accepted"}]}}
[2026-01-20 08:14:10] WhatsApp OTP sent successfully | {"http_code":200,"resp":{"messaging_product":"whatsapp","contacts":[{"input":"919096463943","wa_id":"919096463943"}],"messages":[{"id":"wamid.HBgMOTE5MDk2NDYzOTQzFQIAERgSQTM3QkFCN0EzNTI1M0NGODFDAA==","message_status":"accepted"}]}}
[2026-01-20 08:40:34] WhatsApp OTP sent successfully | {"http_code":200,"resp":{"messaging_product":"whatsapp","contacts":[{"input":"919890345644","wa_id":"919890345644"}],"messages":[{"id":"wamid.HBgMOTE5ODkwMzQ1NjQ0FQIAERgSMzY2OTU2MTFDNDdFMUE2ODQ2AA==","message_status":"accepted"}]}}
[2026-01-20 09:08:41] WhatsApp OTP sent successfully | {"http_code":200,"resp":{"messaging_product":"whatsapp","contacts":[{"input":"918888845366","wa_id":"918888845366"}],"messages":[{"id":"wamid.HBgMOTE4ODg4ODQ1MzY2FQIAERgSNEExNkUzMjdFNzdFMTM5QjgyAA==","message_status":"accepted"}]}}
[2026-01-20 10:17:29] WhatsApp OTP sent successfully | {"http_code":200,"resp":{"messaging_product":"whatsapp","contacts":[{"input":"919890345644","wa_id":"919890345644"}],"messages":[{"id":"wamid.HBgMOTE5ODkwMzQ1NjQ0FQIAERgSQzdDODQwNDE0NUI4NjRCQkM5AA==","message_status":"accepted"}]}}
[2026-01-20 10:54:34] WhatsApp OTP sent successfully | {"http_code":200,"resp":{"messaging_product":"whatsapp","contacts":[{"input":"918888845366","wa_id":"918888845366"}],"messages":[{"id":"wamid.HBgMOTE4ODg4ODQ1MzY2FQIAERgSMzgxRkRBRDU3NDc4NTIxMTE5AA==","message_status":"accepted"}]}}
[2026-01-20 11:33:23] WhatsApp OTP sent successfully | {"http_code":200,"resp":{"messaging_product":"whatsapp","contacts":[{"input":"919890345644","wa_id":"919890345644"}],"messages":[{"id":"wamid.HBgMOTE5ODkwMzQ1NjQ0FQIAERgSMDY2MTM1NUIzNTNBMjc5QTNCAA==","message_status":"accepted"}]}}
[2026-01-20 11:39:50] WhatsApp OTP sent successfully | {"http_code":200,"resp":{"messaging_product":"whatsapp","contacts":[{"input":"919096463943","wa_id":"919096463943"}],"messages":[{"id":"wamid.HBgMOTE5MDk2NDYzOTQzFQIAERgSRDI4RkI3RjYxQTYyRUE3QkU3AA==","message_status":"accepted"}]}}
[2026-01-20 13:37:41] WhatsApp OTP sent successfully | {"http_code":200,"resp":{"messaging_product":"whatsapp","contacts":[{"input":"919096463943","wa_id":"919096463943"}],"messages":[{"id":"wamid.HBgMOTE5MDk2NDYzOTQzFQIAERgSMjYzMjQ1RTUxQzYyNDc1NzlGAA==","message_status":"accepted"}]}}
[2026-01-20 14:33:40] WhatsApp OTP sent successfully | {"http_code":200,"resp":{"messaging_product":"whatsapp","contacts":[{"input":"919890345644","wa_id":"919890345644"}],"messages":[{"id":"wamid.HBgMOTE5ODkwMzQ1NjQ0FQIAERgSRUYyRjFDOUYwOEU2NEYwNkE0AA==","message_status":"accepted"}]}}
[2026-01-20 15:09:16] WhatsApp OTP sent successfully | {"http_code":200,"resp":{"messaging_product":"whatsapp","contacts":[{"input":"919096463943","wa_id":"919096463943"}],"messages":[{"id":"wamid.HBgMOTE5MDk2NDYzOTQzFQIAERgSN0MyRTA5NzQzNUQ3MDBCRjZGAA==","message_status":"accepted"}]}}
[2026-01-20 15:24:12] WhatsApp OTP sent successfully | {"http_code":200,"resp":{"messaging_product":"whatsapp","contacts":[{"input":"919890345644","wa_id":"919890345644"}],"messages":[{"id":"wamid.HBgMOTE5ODkwMzQ1NjQ0FQIAERgSQ0JBRjM2NjlFNjNBODFFRjVEAA==","message_status":"accepted"}]}}
[2026-01-20 16:47:30] WhatsApp OTP sent successfully | {"http_code":200,"resp":{"messaging_product":"whatsapp","contacts":[{"input":"919890345644","wa_id":"919890345644"}],"messages":[{"id":"wamid.HBgMOTE5ODkwMzQ1NjQ0FQIAERgSMzUxODY4MkQzMjc1Mjk5OEIyAA==","message_status":"accepted"}]}}
[2026-01-21 05:03:16] WhatsApp OTP sent successfully | {"http_code":200,"resp":{"messaging_product":"whatsapp","contacts":[{"input":"919890345644","wa_id":"919890345644"}],"messages":[{"id":"wamid.HBgMOTE5ODkwMzQ1NjQ0FQIAERgSNjRFQzM4NTIyMEFCQUJENUMzAA==","message_status":"accepted"}]}}
[2026-01-21 05:36:34] WhatsApp OTP sent successfully | {"http_code":200,"resp":{"messaging_product":"whatsapp","contacts":[{"input":"919096463943","wa_id":"919096463943"}],"messages":[{"id":"wamid.HBgMOTE5MDk2NDYzOTQzFQIAERgSNTAxMTNENzY2MjYxNzJCNjA5AA==","message_status":"accepted"}]}}
[2026-01-21 08:10:15] WhatsApp OTP sent successfully | {"http_code":200,"resp":{"messaging_product":"whatsapp","contacts":[{"input":"919096463943","wa_id":"919096463943"}],"messages":[{"id":"wamid.HBgMOTE5MDk2NDYzOTQzFQIAERgSNDhENTVGN0U5NjMwNkZFRTZGAA==","message_status":"accepted"}]}}
[2026-01-21 10:15:34] WhatsApp OTP sent successfully | {"http_code":200,"resp":{"messaging_product":"whatsapp","contacts":[{"input":"919096463943","wa_id":"919096463943"}],"messages":[{"id":"wamid.HBgMOTE5MDk2NDYzOTQzFQIAERgSNjRCMzFEMDQyNEExMTM4NDg0AA==","message_status":"accepted"}]}}
[2026-01-21 11:16:15] WhatsApp OTP sent successfully | {"http_code":200,"resp":{"messaging_product":"whatsapp","contacts":[{"input":"919890345644","wa_id":"919890345644"}],"messages":[{"id":"wamid.HBgMOTE5ODkwMzQ1NjQ0FQIAERgSMTU0MzRBRUM4N0ZDQTI3QURBAA==","message_status":"accepted"}]}}
[2026-01-21 14:38:38] WhatsApp OTP sent successfully | {"http_code":200,"resp":{"messaging_product":"whatsapp","contacts":[{"input":"919890345644","wa_id":"919890345644"}],"messages":[{"id":"wamid.HBgMOTE5ODkwMzQ1NjQ0FQIAERgSRUU2QzcwOEUyMjM5QTYzNDQxAA==","message_status":"accepted"}]}}
[2026-01-21 15:14:30] WhatsApp OTP sent successfully | {"http_code":200,"resp":{"messaging_product":"whatsapp","contacts":[{"input":"919096463943","wa_id":"919096463943"}],"messages":[{"id":"wamid.HBgMOTE5MDk2NDYzOTQzFQIAERgSQzUxNTZDOEI3RDFCRkY1Njg1AA==","message_status":"accepted"}]}}
[2026-01-21 16:28:50] WhatsApp OTP sent successfully | {"http_code":200,"resp":{"messaging_product":"whatsapp","contacts":[{"input":"919890345644","wa_id":"919890345644"}],"messages":[{"id":"wamid.HBgMOTE5ODkwMzQ1NjQ0FQIAERgSNkJENjI0Mzg1OTMxMDVFMTc3AA==","message_status":"accepted"}]}}
[2026-01-22 03:46:33] WhatsApp OTP sent successfully | {"http_code":200,"resp":{"messaging_product":"whatsapp","contacts":[{"input":"919096463943","wa_id":"919096463943"}],"messages":[{"id":"wamid.HBgMOTE5MDk2NDYzOTQzFQIAERgSQzA2M0Q3N0Y3QUQ5Q0NDNzRBAA==","message_status":"accepted"}]}}
[2026-01-22 04:16:52] WhatsApp OTP sent successfully | {"http_code":200,"resp":{"messaging_product":"whatsapp","contacts":[{"input":"919890345644","wa_id":"919890345644"}],"messages":[{"id":"wamid.HBgMOTE5ODkwMzQ1NjQ0FQIAERgSMjNEMjcwNTVEMjY2QUU0MzRCAA==","message_status":"accepted"}]}}
[2026-01-22 08:38:58] WhatsApp OTP sent successfully | {"http_code":200,"resp":{"messaging_product":"whatsapp","contacts":[{"input":"919890345644","wa_id":"919890345644"}],"messages":[{"id":"wamid.HBgMOTE5ODkwMzQ1NjQ0FQIAERgSQkE4QjFGODc0Mjc1OEI3QTVDAA==","message_status":"accepted"}]}}
[2026-01-22 08:46:01] WhatsApp OTP sent successfully | {"http_code":200,"resp":{"messaging_product":"whatsapp","contacts":[{"input":"919890345644","wa_id":"919890345644"}],"messages":[{"id":"wamid.HBgMOTE5ODkwMzQ1NjQ0FQIAERgSN0YxODUxN0Y2MjE2MzFCMTU0AA==","message_status":"accepted"}]}}
[2026-01-22 09:57:24] WhatsApp OTP sent successfully | {"http_code":200,"resp":{"messaging_product":"whatsapp","contacts":[{"input":"919890345644","wa_id":"919890345644"}],"messages":[{"id":"wamid.HBgMOTE5ODkwMzQ1NjQ0FQIAERgSMTY4NkU1NEZBNEVGMjlCQTBBAA==","message_status":"accepted"}]}}
[2026-01-22 16:16:58] WhatsApp OTP sent successfully | {"http_code":200,"resp":{"messaging_product":"whatsapp","contacts":[{"input":"919890345644","wa_id":"919890345644"}],"messages":[{"id":"wamid.HBgMOTE5ODkwMzQ1NjQ0FQIAERgSNTc5NkY4NDE3N0NBNkJERDc1AA==","message_status":"accepted"}]}}
[2026-01-22 18:23:38] WhatsApp OTP sent successfully | {"http_code":200,"resp":{"messaging_product":"whatsapp","contacts":[{"input":"919890345644","wa_id":"919890345644"}],"messages":[{"id":"wamid.HBgMOTE5ODkwMzQ1NjQ0FQIAERgSRkM0MzY1M0I1N0U0MTk0M0RBAA==","message_status":"accepted"}]}}
[2026-01-23 07:51:43] WhatsApp OTP sent successfully | {"http_code":200,"resp":{"messaging_product":"whatsapp","contacts":[{"input":"919096463943","wa_id":"919096463943"}],"messages":[{"id":"wamid.HBgMOTE5MDk2NDYzOTQzFQIAERgSNUREQjhGNjQyREM3MkZFQjYzAA==","message_status":"accepted"}]}}
[2026-01-23 08:05:57] WhatsApp OTP sent successfully | {"http_code":200,"resp":{"messaging_product":"whatsapp","contacts":[{"input":"919890345644","wa_id":"919890345644"}],"messages":[{"id":"wamid.HBgMOTE5ODkwMzQ1NjQ0FQIAERgSODM4Qzk1OTAzNzBBRTNCNUFBAA==","message_status":"accepted"}]}}
[2026-01-23 08:59:52] WhatsApp OTP sent successfully | {"http_code":200,"resp":{"messaging_product":"whatsapp","contacts":[{"input":"919890345644","wa_id":"919890345644"}],"messages":[{"id":"wamid.HBgMOTE5ODkwMzQ1NjQ0FQIAERgSMTEyQUM1REE4NUU3NEQzQUVFAA==","message_status":"accepted"}]}}
[2026-01-23 09:24:18] WhatsApp OTP sent successfully | {"http_code":200,"resp":{"messaging_product":"whatsapp","contacts":[{"input":"919096463943","wa_id":"919096463943"}],"messages":[{"id":"wamid.HBgMOTE5MDk2NDYzOTQzFQIAERgSNzJCNzVBMEY5RTExMTZBQjI0AA==","message_status":"accepted"}]}}
[2026-01-23 09:42:34] WhatsApp OTP sent successfully | {"http_code":200,"resp":{"messaging_product":"whatsapp","contacts":[{"input":"919890345644","wa_id":"919890345644"}],"messages":[{"id":"wamid.HBgMOTE5ODkwMzQ1NjQ0FQIAERgSOUY4NDMwMjkyMDk1RDU4OEI0AA==","message_status":"accepted"}]}}
[2026-01-23 14:39:28] WhatsApp OTP sent successfully | {"http_code":200,"resp":{"messaging_product":"whatsapp","contacts":[{"input":"919890345644","wa_id":"919890345644"}],"messages":[{"id":"wamid.HBgMOTE5ODkwMzQ1NjQ0FQIAERgSNkU1M0E1NUNCNkI0QTYwMkQ1AA==","message_status":"accepted"}]}}
[2026-01-23 15:05:35] WhatsApp OTP sent successfully | {"http_code":200,"resp":{"messaging_product":"whatsapp","contacts":[{"input":"919890345644","wa_id":"919890345644"}],"messages":[{"id":"wamid.HBgMOTE5ODkwMzQ1NjQ0FQIAERgSRDFCMzEyMjFBQ0NENTBBNzIxAA==","message_status":"accepted"}]}}
[2026-01-23 16:11:06] WhatsApp OTP sent successfully | {"http_code":200,"resp":{"messaging_product":"whatsapp","contacts":[{"input":"919890345644","wa_id":"919890345644"}],"messages":[{"id":"wamid.HBgMOTE5ODkwMzQ1NjQ0FQIAERgSQ0FCQkVBOTEyQjEwQTcxQTI1AA==","message_status":"accepted"}]}}
[2026-01-23 16:58:47] WhatsApp OTP sent successfully | {"http_code":200,"resp":{"messaging_product":"whatsapp","contacts":[{"input":"919096463943","wa_id":"919096463943"}],"messages":[{"id":"wamid.HBgMOTE5MDk2NDYzOTQzFQIAERgSMjdCMkFCNEZCNzhDNEQzOUU2AA==","message_status":"accepted"}]}}
[2026-01-23 17:08:52] WhatsApp OTP sent successfully | {"http_code":200,"resp":{"messaging_product":"whatsapp","contacts":[{"input":"919096463943","wa_id":"919096463943"}],"messages":[{"id":"wamid.HBgMOTE5MDk2NDYzOTQzFQIAERgSMjg1NjFBMUFDRTgzOTQyREIyAA==","message_status":"accepted"}]}}
[2026-01-23 17:21:29] WhatsApp OTP sent successfully | {"http_code":200,"resp":{"messaging_product":"whatsapp","contacts":[{"input":"919890345644","wa_id":"919890345644"}],"messages":[{"id":"wamid.HBgMOTE5ODkwMzQ1NjQ0FQIAERgSMTA3MTc3MjQ5NTkyQkNGOTdFAA==","message_status":"accepted"}]}}
[2026-01-23 18:51:09] WhatsApp OTP sent successfully | {"http_code":200,"resp":{"messaging_product":"whatsapp","contacts":[{"input":"919890345644","wa_id":"919890345644"}],"messages":[{"id":"wamid.HBgMOTE5ODkwMzQ1NjQ0FQIAERgSQTc4QUNGRTdGQTBGNEU5NjAxAA==","message_status":"accepted"}]}}
[2026-01-24 04:54:08] WhatsApp OTP sent successfully | {"http_code":200,"resp":{"messaging_product":"whatsapp","contacts":[{"input":"919890345644","wa_id":"919890345644"}],"messages":[{"id":"wamid.HBgMOTE5ODkwMzQ1NjQ0FQIAERgSREZGRjkzRjcyMDc0OTc4N0Y0AA==","message_status":"accepted"}]}}
[2026-01-24 05:29:25] WhatsApp OTP sent successfully | {"http_code":200,"resp":{"messaging_product":"whatsapp","contacts":[{"input":"919890345644","wa_id":"919890345644"}],"messages":[{"id":"wamid.HBgMOTE5ODkwMzQ1NjQ0FQIAERgSQzYwNUJBREI5NTUxOTM1NTVBAA==","message_status":"accepted"}]}}
[2026-01-24 06:33:06] WhatsApp OTP sent successfully | {"http_code":200,"resp":{"messaging_product":"whatsapp","contacts":[{"input":"919890345644","wa_id":"919890345644"}],"messages":[{"id":"wamid.HBgMOTE5ODkwMzQ1NjQ0FQIAERgSNENEN0I0Mjk3MTZDQUJDQjE3AA==","message_status":"accepted"}]}}
[2026-01-24 08:25:08] WhatsApp OTP sent successfully | {"http_code":200,"resp":{"messaging_product":"whatsapp","contacts":[{"input":"919890345644","wa_id":"919890345644"}],"messages":[{"id":"wamid.HBgMOTE5ODkwMzQ1NjQ0FQIAERgSNDlCMjcxOEI4RTk1OURFNkE1AA==","message_status":"accepted"}]}}
[2026-01-24 11:16:26] WhatsApp OTP sent successfully | {"http_code":200,"resp":{"messaging_product":"whatsapp","contacts":[{"input":"919890345644","wa_id":"919890345644"}],"messages":[{"id":"wamid.HBgMOTE5ODkwMzQ1NjQ0FQIAERgSN0E2RDQ2NjQ4QTI0N0NBMDU2AA==","message_status":"accepted"}]}}
[2026-01-24 14:20:36] WhatsApp OTP sent successfully | {"http_code":200,"resp":{"messaging_product":"whatsapp","contacts":[{"input":"919890345644","wa_id":"919890345644"}],"messages":[{"id":"wamid.HBgMOTE5ODkwMzQ1NjQ0FQIAERgSMDdCNUYxRTY0ODdCRDFCMjBBAA==","message_status":"accepted"}]}}
[2026-01-24 15:00:47] WhatsApp OTP sent successfully | {"http_code":200,"resp":{"messaging_product":"whatsapp","contacts":[{"input":"919890345644","wa_id":"919890345644"}],"messages":[{"id":"wamid.HBgMOTE5ODkwMzQ1NjQ0FQIAERgSNTZBOTg0RUFFREM4MjY3RUJCAA==","message_status":"accepted"}]}}
[2026-01-25 10:30:10] WhatsApp OTP sent successfully | {"http_code":200,"resp":{"messaging_product":"whatsapp","contacts":[{"input":"919890345644","wa_id":"919890345644"}],"messages":[{"id":"wamid.HBgMOTE5ODkwMzQ1NjQ0FQIAERgSMDczMzg1NzI4NzI4ODkxNTIzAA==","message_status":"accepted"}]}}
[2026-01-25 13:49:37] WhatsApp OTP sent successfully | {"http_code":200,"resp":{"messaging_product":"whatsapp","contacts":[{"input":"919890345644","wa_id":"919890345644"}],"messages":[{"id":"wamid.HBgMOTE5ODkwMzQ1NjQ0FQIAERgSQ0EzNzA1RjgzNDQyQTFERjc4AA==","message_status":"accepted"}]}}
[2026-01-25 15:17:34] WhatsApp OTP sent successfully | {"http_code":200,"resp":{"messaging_product":"whatsapp","contacts":[{"input":"919890345644","wa_id":"919890345644"}],"messages":[{"id":"wamid.HBgMOTE5ODkwMzQ1NjQ0FQIAERgSNUJBNUUwNUM3NjgwMEJFMTk1AA==","message_status":"accepted"}]}}
[2026-01-25 15:20:02] WhatsApp OTP sent successfully | {"http_code":200,"resp":{"messaging_product":"whatsapp","contacts":[{"input":"918888845366","wa_id":"918888845366"}],"messages":[{"id":"wamid.HBgMOTE4ODg4ODQ1MzY2FQIAERgSMkYxMUY3Q0M3NzgzRjlFOTVDAA==","message_status":"accepted"}]}}
[2026-01-25 15:21:56] WhatsApp OTP sent successfully | {"http_code":200,"resp":{"messaging_product":"whatsapp","contacts":[{"input":"918888845366","wa_id":"918888845366"}],"messages":[{"id":"wamid.HBgMOTE4ODg4ODQ1MzY2FQIAERgSMTY4NUI2RENEQjM2OEZBNzMzAA==","message_status":"accepted"}]}}
[2026-01-25 15:31:07] WhatsApp OTP sent successfully | {"http_code":200,"resp":{"messaging_product":"whatsapp","contacts":[{"input":"918888845366","wa_id":"918888845366"}],"messages":[{"id":"wamid.HBgMOTE4ODg4ODQ1MzY2FQIAERgSQTU4NUI2RTExRTVDMDg1N0U2AA==","message_status":"accepted"}]}}
[2026-01-25 15:35:16] WhatsApp OTP sent successfully | {"http_code":200,"resp":{"messaging_product":"whatsapp","contacts":[{"input":"918888845366","wa_id":"918888845366"}],"messages":[{"id":"wamid.HBgMOTE4ODg4ODQ1MzY2FQIAERgSNDE0NTlDMzY0RjIxOUZFNDU2AA==","message_status":"accepted"}]}}
[2026-01-25 16:20:31] WhatsApp OTP sent successfully | {"http_code":200,"resp":{"messaging_product":"whatsapp","contacts":[{"input":"919890345644","wa_id":"919890345644"}],"messages":[{"id":"wamid.HBgMOTE5ODkwMzQ1NjQ0FQIAERgSRjNBNkU0QjdEQUNDQzNDMEI0AA==","message_status":"accepted"}]}}
[2026-01-25 23:13:04] WhatsApp OTP sent successfully | {"http_code":200,"resp":{"messaging_product":"whatsapp","contacts":[{"input":"918888845366","wa_id":"918888845366"}],"messages":[{"id":"wamid.HBgMOTE4ODg4ODQ1MzY2FQIAERgSQ0YxOTRGM0VFMzkyNzhDRTIzAA==","message_status":"accepted"}]}}
[2026-01-26 14:22:30] WhatsApp OTP sent successfully | {"http_code":200,"resp":{"messaging_product":"whatsapp","contacts":[{"input":"919890345644","wa_id":"919890345644"}],"messages":[{"id":"wamid.HBgMOTE5ODkwMzQ1NjQ0FQIAERgSNTlDMzIyQTY2NUVDQTMzOEU4AA==","message_status":"accepted"}]}}
[2026-01-26 15:30:16] WhatsApp OTP sent successfully | {"http_code":200,"resp":{"messaging_product":"whatsapp","contacts":[{"input":"919096463943","wa_id":"919096463943"}],"messages":[{"id":"wamid.HBgMOTE5MDk2NDYzOTQzFQIAERgSRUYwMDA0QzlENUE4QUQ0QkZFAA==","message_status":"accepted"}]}}
[2026-01-26 15:51:40] WhatsApp OTP sent successfully | {"http_code":200,"resp":{"messaging_product":"whatsapp","contacts":[{"input":"919096463943","wa_id":"919096463943"}],"messages":[{"id":"wamid.HBgMOTE5MDk2NDYzOTQzFQIAERgSQzc1QzhFODJGRUI4Qjc1NDQ0AA==","message_status":"accepted"}]}}
[2026-01-26 17:56:53] WhatsApp OTP sent successfully | {"http_code":200,"resp":{"messaging_product":"whatsapp","contacts":[{"input":"919890345644","wa_id":"919890345644"}],"messages":[{"id":"wamid.HBgMOTE5ODkwMzQ1NjQ0FQIAERgSOUExRjQ2NDAzOERFRkM2MUVGAA==","message_status":"accepted"}]}}
[2026-01-27 03:35:14] WhatsApp OTP sent successfully | {"http_code":200,"resp":{"messaging_product":"whatsapp","contacts":[{"input":"919890345644","wa_id":"919890345644"}],"messages":[{"id":"wamid.HBgMOTE5ODkwMzQ1NjQ0FQIAERgSRUM4RDU1NURBQjIxODU4QTYxAA==","message_status":"accepted"}]}}
[2026-01-27 05:15:29] WhatsApp OTP sent successfully | {"http_code":200,"resp":{"messaging_product":"whatsapp","contacts":[{"input":"919096463943","wa_id":"919096463943"}],"messages":[{"id":"wamid.HBgMOTE5MDk2NDYzOTQzFQIAERgSQzQ3RENGQkJGNUIzNzg3RjU5AA==","message_status":"accepted"}]}}
[2026-01-27 06:55:07] WhatsApp OTP sent successfully | {"http_code":200,"resp":{"messaging_product":"whatsapp","contacts":[{"input":"919890345644","wa_id":"919890345644"}],"messages":[{"id":"wamid.HBgMOTE5ODkwMzQ1NjQ0FQIAERgSQkIyQjAwNjk4QUMwOTQ0QzJDAA==","message_status":"accepted"}]}}
[2026-01-27 08:46:12] WhatsApp OTP sent successfully | {"http_code":200,"resp":{"messaging_product":"whatsapp","contacts":[{"input":"919890345644","wa_id":"919890345644"}],"messages":[{"id":"wamid.HBgMOTE5ODkwMzQ1NjQ0FQIAERgSQUUwMzdFRjA0M0VGRTQ3NjA5AA==","message_status":"accepted"}]}}
[2026-01-27 09:29:24] WhatsApp OTP sent successfully | {"http_code":200,"resp":{"messaging_product":"whatsapp","contacts":[{"input":"919096463943","wa_id":"919096463943"}],"messages":[{"id":"wamid.HBgMOTE5MDk2NDYzOTQzFQIAERgSMDM1NThCOUY0MkVBNDE3MTNFAA==","message_status":"accepted"}]}}
[2026-01-27 10:21:19] WhatsApp OTP sent successfully | {"http_code":200,"resp":{"messaging_product":"whatsapp","contacts":[{"input":"918888845366","wa_id":"918888845366"}],"messages":[{"id":"wamid.HBgMOTE4ODg4ODQ1MzY2FQIAERgSNzBGODIyRTk2QzA1NTE2NzlDAA==","message_status":"accepted"}]}}
[2026-01-27 10:22:42] WhatsApp OTP sent successfully | {"http_code":200,"resp":{"messaging_product":"whatsapp","contacts":[{"input":"918888845366","wa_id":"918888845366"}],"messages":[{"id":"wamid.HBgMOTE4ODg4ODQ1MzY2FQIAERgSNTI1REE5NzIxRTAzMENCQTdGAA==","message_status":"accepted"}]}}
[2026-01-27 10:24:16] WhatsApp OTP sent successfully | {"http_code":200,"resp":{"messaging_product":"whatsapp","contacts":[{"input":"918888845366","wa_id":"918888845366"}],"messages":[{"id":"wamid.HBgMOTE4ODg4ODQ1MzY2FQIAERgSMENCQjY1Q0ExNTlFQzQ0Nzc5AA==","message_status":"accepted"}]}}
[2026-01-27 10:49:02] WhatsApp OTP sent successfully | {"http_code":200,"resp":{"messaging_product":"whatsapp","contacts":[{"input":"919890345644","wa_id":"919890345644"}],"messages":[{"id":"wamid.HBgMOTE5ODkwMzQ1NjQ0FQIAERgSOTFDMDEyMjlBMEY1RjkwQkY3AA==","message_status":"accepted"}]}}
[2026-01-27 12:02:10] WhatsApp OTP sent successfully | {"http_code":200,"resp":{"messaging_product":"whatsapp","contacts":[{"input":"919890345644","wa_id":"919890345644"}],"messages":[{"id":"wamid.HBgMOTE5ODkwMzQ1NjQ0FQIAERgSRTM1RDE4REE1NjBFMzRGMzk1AA==","message_status":"accepted"}]}}
[2026-01-27 13:11:39] WhatsApp OTP sent successfully | {"http_code":200,"resp":{"messaging_product":"whatsapp","contacts":[{"input":"919096463943","wa_id":"919096463943"}],"messages":[{"id":"wamid.HBgMOTE5MDk2NDYzOTQzFQIAERgSNjZEMzNFRkZBMzYxRTY4QTdFAA==","message_status":"accepted"}]}}
[2026-01-27 13:51:41] WhatsApp OTP sent successfully | {"http_code":200,"resp":{"messaging_product":"whatsapp","contacts":[{"input":"919096463943","wa_id":"919096463943"}],"messages":[{"id":"wamid.HBgMOTE5MDk2NDYzOTQzFQIAERgSRjg0MkJEQkMyMUMxODA0QjQyAA==","message_status":"accepted"}]}}
[2026-01-27 14:27:45] WhatsApp OTP sent successfully | {"http_code":200,"resp":{"messaging_product":"whatsapp","contacts":[{"input":"919096463943","wa_id":"919096463943"}],"messages":[{"id":"wamid.HBgMOTE5MDk2NDYzOTQzFQIAERgSRTgyRjNBNDg3QUJDNjQ1RDdFAA==","message_status":"accepted"}]}}
[2026-01-27 15:01:46] WhatsApp OTP sent successfully | {"http_code":200,"resp":{"messaging_product":"whatsapp","contacts":[{"input":"919890345644","wa_id":"919890345644"}],"messages":[{"id":"wamid.HBgMOTE5ODkwMzQ1NjQ0FQIAERgSMUIzQUREQTRENjYxOUY5RUJCAA==","message_status":"accepted"}]}}
[2026-01-27 15:16:50] WhatsApp OTP sent successfully | {"http_code":200,"resp":{"messaging_product":"whatsapp","contacts":[{"input":"919096463943","wa_id":"919096463943"}],"messages":[{"id":"wamid.HBgMOTE5MDk2NDYzOTQzFQIAERgSNzgzOTMxMjQxMUNFOEY1NDZDAA==","message_status":"accepted"}]}}
[2026-01-27 17:05:31] WhatsApp OTP sent successfully | {"http_code":200,"resp":{"messaging_product":"whatsapp","contacts":[{"input":"919096463943","wa_id":"919096463943"}],"messages":[{"id":"wamid.HBgMOTE5MDk2NDYzOTQzFQIAERgSMTkzOTVGRDZFOTFFRTk3MTREAA==","message_status":"accepted"}]}}
[2026-01-27 18:56:39] WhatsApp OTP sent successfully | {"http_code":200,"resp":{"messaging_product":"whatsapp","contacts":[{"input":"919096463943","wa_id":"919096463943"}],"messages":[{"id":"wamid.HBgMOTE5MDk2NDYzOTQzFQIAERgSOTEzOTRENjFGMUM2NDVENTVDAA==","message_status":"accepted"}]}}
[2026-01-28 01:54:15] WhatsApp OTP sent successfully | {"http_code":200,"resp":{"messaging_product":"whatsapp","contacts":[{"input":"919096463943","wa_id":"919096463943"}],"messages":[{"id":"wamid.HBgMOTE5MDk2NDYzOTQzFQIAERgSQTJFMDg2QTQ5RDQ1RkEyMDM0AA==","message_status":"accepted"}]}}
[2026-01-29 11:48:29] WhatsApp OTP sent successfully | {"http_code":200,"resp":{"messaging_product":"whatsapp","contacts":[{"input":"918888845366","wa_id":"918888845366"}],"messages":[{"id":"wamid.HBgMOTE4ODg4ODQ1MzY2FQIAERgSREU0REI1NkFFNEFFNjNEQUQzAA==","message_status":"accepted"}]}}
[2026-01-29 12:44:43] WhatsApp OTP sent successfully | {"http_code":200,"resp":{"messaging_product":"whatsapp","contacts":[{"input":"918888845366","wa_id":"918888845366"}],"messages":[{"id":"wamid.HBgMOTE4ODg4ODQ1MzY2FQIAERgSNzk3M0RCRjdCNDA1RTBFQjBDAA==","message_status":"accepted"}]}}
[2026-01-30 11:38:06] WhatsApp OTP sent successfully | {"http_code":200,"resp":{"messaging_product":"whatsapp","contacts":[{"input":"918888845366","wa_id":"918888845366"}],"messages":[{"id":"wamid.HBgMOTE4ODg4ODQ1MzY2FQIAERgSQkUwMzUyQkI2RkY1MTY2NTkyAA==","message_status":"accepted"}]}}
[2026-01-30 14:24:37] WhatsApp OTP sent successfully | {"http_code":200,"resp":{"messaging_product":"whatsapp","contacts":[{"input":"919096463943","wa_id":"919096463943"}],"messages":[{"id":"wamid.HBgMOTE5MDk2NDYzOTQzFQIAERgSMjdGQzM5RjA2Rjg4NkMyREQzAA==","message_status":"accepted"}]}}
[2026-01-31 10:40:55] WhatsApp OTP sent successfully | {"http_code":200,"resp":{"messaging_product":"whatsapp","contacts":[{"input":"918888845366","wa_id":"918888845366"}],"messages":[{"id":"wamid.HBgMOTE4ODg4ODQ1MzY2FQIAERgSMjFCOTg2Mjc3NTQwRTQzRThEAA==","message_status":"accepted"}]}}
[2026-02-02 10:17:02] WhatsApp OTP sent successfully | {"http_code":200,"resp":{"messaging_product":"whatsapp","contacts":[{"input":"919890345644","wa_id":"919890345644"}],"messages":[{"id":"wamid.HBgMOTE5ODkwMzQ1NjQ0FQIAERgSMDE5MzRENDk2NjRBNUQyRTVBAA==","message_status":"accepted"}]}}
[2026-02-02 15:53:57] WhatsApp OTP sent successfully | {"http_code":200,"resp":{"messaging_product":"whatsapp","contacts":[{"input":"919096463943","wa_id":"919096463943"}],"messages":[{"id":"wamid.HBgMOTE5MDk2NDYzOTQzFQIAERgSOTFCQUZBQUU5NzFCNTAwQUNDAA==","message_status":"accepted"}]}}
[2026-02-05 10:19:27] WhatsApp OTP sent successfully | {"http_code":200,"resp":{"messaging_product":"whatsapp","contacts":[{"input":"919890345644","wa_id":"919890345644"}],"messages":[{"id":"wamid.HBgMOTE5ODkwMzQ1NjQ0FQIAERgSOEIzNjRCMzg1M0Y4MThERDU4AA==","message_status":"accepted"}]}}
[2026-02-07 03:49:24] WhatsApp OTP sent successfully | {"http_code":200,"resp":{"messaging_product":"whatsapp","contacts":[{"input":"918888845366","wa_id":"918888845366"}],"messages":[{"id":"wamid.HBgMOTE4ODg4ODQ1MzY2FQIAERgSQ0Y1OUFFQzlENDI2Q0UyNEMwAA==","message_status":"accepted"}]}}
[2026-02-07 13:39:20] WhatsApp OTP sent successfully | {"http_code":200,"resp":{"messaging_product":"whatsapp","contacts":[{"input":"918888845366","wa_id":"918888845366"}],"messages":[{"id":"wamid.HBgMOTE4ODg4ODQ1MzY2FQIAERgSNDMyRTY3NjI0RUQ2Q0RDQ0U5AA==","message_status":"accepted"}]}}
[2026-02-07 14:35:31] WhatsApp OTP sent successfully | {"http_code":200,"resp":{"messaging_product":"whatsapp","contacts":[{"input":"918888845366","wa_id":"918888845366"}],"messages":[{"id":"wamid.HBgMOTE4ODg4ODQ1MzY2FQIAERgSMDIyRUVBQTJBREJFMjREMTY5AA==","message_status":"accepted"}]}}
[2026-02-08 06:00:37] WhatsApp OTP sent successfully | {"http_code":200,"resp":{"messaging_product":"whatsapp","contacts":[{"input":"918888845366","wa_id":"918888845366"}],"messages":[{"id":"wamid.HBgMOTE4ODg4ODQ1MzY2FQIAERgSRTYxNDM2QTM1ODU4MTdBM0YxAA==","message_status":"accepted"}]}}
[2026-02-08 08:03:38] WhatsApp OTP sent successfully | {"http_code":200,"resp":{"messaging_product":"whatsapp","contacts":[{"input":"919890345644","wa_id":"919890345644"}],"messages":[{"id":"wamid.HBgMOTE5ODkwMzQ1NjQ0FQIAERgSRDE0NThEQzEyRTFFQkFGNUQyAA==","message_status":"accepted"}]}}
[2026-02-08 10:07:15] WhatsApp OTP sent successfully | {"http_code":200,"resp":{"messaging_product":"whatsapp","contacts":[{"input":"919890345644","wa_id":"919890345644"}],"messages":[{"id":"wamid.HBgMOTE5ODkwMzQ1NjQ0FQIAERgSMUQ5NjQ4MDVDRTkxNDZBMDRGAA==","message_status":"accepted"}]}}
[2026-02-08 14:49:35] WhatsApp OTP sent successfully | {"http_code":200,"resp":{"messaging_product":"whatsapp","contacts":[{"input":"919422968911","wa_id":"919422968911"}],"messages":[{"id":"wamid.HBgMOTE5NDIyOTY4OTExFQIAERgSRjc3Qjk0MkYyOUZFNDdCQ0YxAA==","message_status":"accepted"}]}}
[2026-02-09 06:07:43] WhatsApp OTP sent successfully | {"http_code":200,"resp":{"messaging_product":"whatsapp","contacts":[{"input":"919096463943","wa_id":"919096463943"}],"messages":[{"id":"wamid.HBgMOTE5MDk2NDYzOTQzFQIAERgSMjM2ODhDMEFBQTI5RDM5QTU5AA==","message_status":"accepted"}]}}
[2026-02-09 07:56:57] WhatsApp OTP sent successfully | {"http_code":200,"resp":{"messaging_product":"whatsapp","contacts":[{"input":"919096463943","wa_id":"919096463943"}],"messages":[{"id":"wamid.HBgMOTE5MDk2NDYzOTQzFQIAERgSODBFQkQ4NDkwM0Y4MjM1RTIzAA==","message_status":"accepted"}]}}
[2026-02-12 19:39:34] WhatsApp OTP sent successfully | {"http_code":200,"resp":{"messaging_product":"whatsapp","contacts":[{"input":"919096463943","wa_id":"919096463943"}],"messages":[{"id":"wamid.HBgMOTE5MDk2NDYzOTQzFQIAERgSMjE5MTI2QjRGOUY5NDEyQzdGAA==","message_status":"accepted"}]}}
[2026-02-12 19:41:13] WhatsApp OTP sent successfully | {"http_code":200,"resp":{"messaging_product":"whatsapp","contacts":[{"input":"919096463943","wa_id":"919096463943"}],"messages":[{"id":"wamid.HBgMOTE5MDk2NDYzOTQzFQIAERgSRTE5NUJEQzJBNzhEMEEwNUE2AA==","message_status":"accepted"}]}}
[2026-02-12 20:26:12] WhatsApp OTP sent successfully | {"http_code":200,"resp":{"messaging_product":"whatsapp","contacts":[{"input":"919096463943","wa_id":"919096463943"}],"messages":[{"id":"wamid.HBgMOTE5MDk2NDYzOTQzFQIAERgSRDY1RDRBNDkzQ0Y0QkE3ODY4AA==","message_status":"accepted"}]}}
[2026-02-12 21:09:02] WhatsApp OTP sent successfully | {"http_code":200,"resp":{"messaging_product":"whatsapp","contacts":[{"input":"919096463943","wa_id":"919096463943"}],"messages":[{"id":"wamid.HBgMOTE5MDk2NDYzOTQzFQIAERgSNTk4MjI2NEY2QTE4NjQyRTBGAA==","message_status":"accepted"}]}}
[2026-02-12 21:10:44] WhatsApp OTP sent successfully | {"http_code":200,"resp":{"messaging_product":"whatsapp","contacts":[{"input":"919096463943","wa_id":"919096463943"}],"messages":[{"id":"wamid.HBgMOTE5MDk2NDYzOTQzFQIAERgSRjlDRDhERDhCREU1NTY4RjgyAA==","message_status":"accepted"}]}}
[2026-02-12 21:38:38] WhatsApp OTP sent successfully | {"http_code":200,"resp":{"messaging_product":"whatsapp","contacts":[{"input":"919096463943","wa_id":"919096463943"}],"messages":[{"id":"wamid.HBgMOTE5MDk2NDYzOTQzFQIAERgSMTM2QjA4RTk0NDkzODhCMTVFAA==","message_status":"accepted"}]}}
[2026-02-12 21:40:13] WhatsApp OTP sent successfully | {"http_code":200,"resp":{"messaging_product":"whatsapp","contacts":[{"input":"919096463943","wa_id":"919096463943"}],"messages":[{"id":"wamid.HBgMOTE5MDk2NDYzOTQzFQIAERgSRTc2Q0YxRTRDOUVFNzMwNjgzAA==","message_status":"accepted"}]}}
[2026-02-12 21:40:46] WhatsApp OTP sent successfully | {"http_code":200,"resp":{"messaging_product":"whatsapp","contacts":[{"input":"919096463943","wa_id":"919096463943"}],"messages":[{"id":"wamid.HBgMOTE5MDk2NDYzOTQzFQIAERgSMjM1QkY1Q0M1MkJFMzJGM0ZGAA==","message_status":"accepted"}]}}
[2026-02-13 03:22:56] WhatsApp OTP sent successfully | {"http_code":200,"resp":{"messaging_product":"whatsapp","contacts":[{"input":"919096463943","wa_id":"919096463943"}],"messages":[{"id":"wamid.HBgMOTE5MDk2NDYzOTQzFQIAERgSOUYyRUUxRjY2OEE0QkM3N0Q0AA==","message_status":"accepted"}]}}
[2026-02-13 03:37:52] WhatsApp OTP sent successfully | {"http_code":200,"resp":{"messaging_product":"whatsapp","contacts":[{"input":"919096463943","wa_id":"919096463943"}],"messages":[{"id":"wamid.HBgMOTE5MDk2NDYzOTQzFQIAERgSRTI3QUZCMkYzNkFFQUU2NDZGAA==","message_status":"accepted"}]}}
[2026-02-13 05:18:43] WhatsApp OTP sent successfully | {"http_code":200,"resp":{"messaging_product":"whatsapp","contacts":[{"input":"919096463943","wa_id":"919096463943"}],"messages":[{"id":"wamid.HBgMOTE5MDk2NDYzOTQzFQIAERgSMkFDM0QwQUFFNUI0QTQ3NzZCAA==","message_status":"accepted"}]}}
[2026-02-13 05:24:53] WhatsApp OTP sent successfully | {"http_code":200,"resp":{"messaging_product":"whatsapp","contacts":[{"input":"919130831517","wa_id":"919130831517"}],"messages":[{"id":"wamid.HBgMOTE5MTMwODMxNTE3FQIAERgSRDg0Q0VERDQ5OEVCODc4OEYxAA==","message_status":"accepted"}]}}
[2026-02-13 08:20:37] WhatsApp OTP sent successfully | {"http_code":200,"resp":{"messaging_product":"whatsapp","contacts":[{"input":"919096463943","wa_id":"919096463943"}],"messages":[{"id":"wamid.HBgMOTE5MDk2NDYzOTQzFQIAERgSNDBBRjFDODgxNTg2ODkwNjAxAA==","message_status":"accepted"}]}}
[2026-02-13 16:25:50] WhatsApp OTP sent successfully | {"http_code":200,"resp":{"messaging_product":"whatsapp","contacts":[{"input":"919096463943","wa_id":"919096463943"}],"messages":[{"id":"wamid.HBgMOTE5MDk2NDYzOTQzFQIAERgSNjE3M0JDMTcwOURDNzIxMzhDAA==","message_status":"accepted"}]}}
[2026-02-14 04:08:49] WhatsApp OTP sent successfully | {"http_code":200,"resp":{"messaging_product":"whatsapp","contacts":[{"input":"919096463943","wa_id":"919096463943"}],"messages":[{"id":"wamid.HBgMOTE5MDk2NDYzOTQzFQIAERgSNjAwRDQyOEEzQzc2RTIzQjFEAA==","message_status":"accepted"}]}}
[2026-02-14 17:31:48] WhatsApp OTP sent successfully | {"http_code":200,"resp":{"messaging_product":"whatsapp","contacts":[{"input":"919096463943","wa_id":"919096463943"}],"messages":[{"id":"wamid.HBgMOTE5MDk2NDYzOTQzFQIAERgSMkVCNDMxOTBFN0U4MkU1MEY3AA==","message_status":"accepted"}]}}
[2026-02-14 17:58:19] WhatsApp OTP sent successfully | {"http_code":200,"resp":{"messaging_product":"whatsapp","contacts":[{"input":"919130831517","wa_id":"919130831517"}],"messages":[{"id":"wamid.HBgMOTE5MTMwODMxNTE3FQIAERgSNjhCNzc5RTQwMTUwNTkzNUQwAA==","message_status":"accepted"}]}}
[2026-02-14 18:40:08] WhatsApp OTP sent successfully | {"http_code":200,"resp":{"messaging_product":"whatsapp","contacts":[{"input":"919096463943","wa_id":"919096463943"}],"messages":[{"id":"wamid.HBgMOTE5MDk2NDYzOTQzFQIAERgSQzk2OEI3RkE5QkFBODgwNkZDAA==","message_status":"accepted"}]}}
[2026-02-14 22:15:11] WhatsApp OTP sent successfully | {"http_code":200,"resp":{"messaging_product":"whatsapp","contacts":[{"input":"919130831517","wa_id":"919130831517"}],"messages":[{"id":"wamid.HBgMOTE5MTMwODMxNTE3FQIAERgSMjkwRDBENUI0RjE0RjZDNDZCAA==","message_status":"accepted"}]}}
[2026-02-14 22:31:00] WhatsApp OTP sent successfully | {"http_code":200,"resp":{"messaging_product":"whatsapp","contacts":[{"input":"919130831517","wa_id":"919130831517"}],"messages":[{"id":"wamid.HBgMOTE5MTMwODMxNTE3FQIAERgSNkEwMjAyOEJGQjJEM0I2NEVGAA==","message_status":"accepted"}]}}
[2026-02-14 23:02:49] WhatsApp OTP sent successfully | {"http_code":200,"resp":{"messaging_product":"whatsapp","contacts":[{"input":"919130831517","wa_id":"919130831517"}],"messages":[{"id":"wamid.HBgMOTE5MTMwODMxNTE3FQIAERgSQjEyODQ4N0Y4QTZGRjJGN0FBAA==","message_status":"accepted"}]}}
[2026-02-14 23:05:22] WhatsApp OTP sent successfully | {"http_code":200,"resp":{"messaging_product":"whatsapp","contacts":[{"input":"919130831517","wa_id":"919130831517"}],"messages":[{"id":"wamid.HBgMOTE5MTMwODMxNTE3FQIAERgSRDY5RUNFREJDNzZEMTgzM0U3AA==","message_status":"accepted"}]}}
[2026-02-14 23:56:58] WhatsApp OTP sent successfully | {"http_code":200,"resp":{"messaging_product":"whatsapp","contacts":[{"input":"919130831517","wa_id":"919130831517"}],"messages":[{"id":"wamid.HBgMOTE5MTMwODMxNTE3FQIAERgSNUQ0QkZFQjA0NjQzRDcxRTQyAA==","message_status":"accepted"}]}}
[2026-02-15 03:03:07] WhatsApp OTP sent successfully | {"http_code":200,"resp":{"messaging_product":"whatsapp","contacts":[{"input":"919130831517","wa_id":"919130831517"}],"messages":[{"id":"wamid.HBgMOTE5MTMwODMxNTE3FQIAERgSRUY3RUMxMzQ5MUExQTM5QThEAA==","message_status":"accepted"}]}}
[2026-02-15 03:27:51] WhatsApp OTP sent successfully | {"http_code":200,"resp":{"messaging_product":"whatsapp","contacts":[{"input":"919096463943","wa_id":"919096463943"}],"messages":[{"id":"wamid.HBgMOTE5MDk2NDYzOTQzFQIAERgSNTYwNjkwODdBQkI3MTVFMzM0AA==","message_status":"accepted"}]}}
[2026-02-15 05:11:22] WhatsApp OTP sent successfully | {"http_code":200,"resp":{"messaging_product":"whatsapp","contacts":[{"input":"919130831517","wa_id":"919130831517"}],"messages":[{"id":"wamid.HBgMOTE5MTMwODMxNTE3FQIAERgSNURBRTNGMDk3QUQ0MDE5MDZBAA==","message_status":"accepted"}]}}
[2026-02-15 05:44:35] WhatsApp OTP sent successfully | {"http_code":200,"resp":{"messaging_product":"whatsapp","contacts":[{"input":"919096463943","wa_id":"919096463943"}],"messages":[{"id":"wamid.HBgMOTE5MDk2NDYzOTQzFQIAERgSQzUwNEQ1MTNCRkY2MzJFQUJFAA==","message_status":"accepted"}]}}
[2026-02-15 06:24:01] WhatsApp OTP sent successfully | {"http_code":200,"resp":{"messaging_product":"whatsapp","contacts":[{"input":"919096463943","wa_id":"919096463943"}],"messages":[{"id":"wamid.HBgMOTE5MDk2NDYzOTQzFQIAERgSMzQ4NTY2NEI1QThFRjQ4Rjg2AA==","message_status":"accepted"}]}}
[2026-02-15 08:24:03] WhatsApp OTP sent successfully | {"http_code":200,"resp":{"messaging_product":"whatsapp","contacts":[{"input":"919096463943","wa_id":"919096463943"}],"messages":[{"id":"wamid.HBgMOTE5MDk2NDYzOTQzFQIAERgSRDMwQjU5ODFENEMxNjJDM0EwAA==","message_status":"accepted"}]}}
[2026-02-15 09:08:47] WhatsApp OTP sent successfully | {"http_code":200,"resp":{"messaging_product":"whatsapp","contacts":[{"input":"919096463943","wa_id":"919096463943"}],"messages":[{"id":"wamid.HBgMOTE5MDk2NDYzOTQzFQIAERgSQkI5RjdCNTRDMzhCNTU3OTQwAA==","message_status":"accepted"}]}}
[2026-02-15 09:58:20] WhatsApp OTP sent successfully | {"http_code":200,"resp":{"messaging_product":"whatsapp","contacts":[{"input":"919096463943","wa_id":"919096463943"}],"messages":[{"id":"wamid.HBgMOTE5MDk2NDYzOTQzFQIAERgSM0FDRTZENTg2NUZBMjIwMEEwAA==","message_status":"accepted"}]}}
[2026-02-15 10:41:19] WhatsApp OTP sent successfully | {"http_code":200,"resp":{"messaging_product":"whatsapp","contacts":[{"input":"919096463943","wa_id":"919096463943"}],"messages":[{"id":"wamid.HBgMOTE5MDk2NDYzOTQzFQIAERgSODkxMjgxQzc0NjIyMDE3NkQzAA==","message_status":"accepted"}]}}
[2026-02-15 12:02:24] WhatsApp OTP sent successfully | {"http_code":200,"resp":{"messaging_product":"whatsapp","contacts":[{"input":"919096463943","wa_id":"919096463943"}],"messages":[{"id":"wamid.HBgMOTE5MDk2NDYzOTQzFQIAERgSRDUxREYyNEE0QkRBM0I1MzA4AA==","message_status":"accepted"}]}}
[2026-02-15 12:13:42] WhatsApp OTP sent successfully | {"http_code":200,"resp":{"messaging_product":"whatsapp","contacts":[{"input":"919096463943","wa_id":"919096463943"}],"messages":[{"id":"wamid.HBgMOTE5MDk2NDYzOTQzFQIAERgSMTQ3RTMxQUI1QUYzNkI0MDZCAA==","message_status":"accepted"}]}}
[2026-02-15 12:25:00] WhatsApp OTP sent successfully | {"http_code":200,"resp":{"messaging_product":"whatsapp","contacts":[{"input":"919130831517","wa_id":"919130831517"}],"messages":[{"id":"wamid.HBgMOTE5MTMwODMxNTE3FQIAERgSOEU3MzRGQkMyRjJFQTQxQ0Y3AA==","message_status":"accepted"}]}}
[2026-02-15 14:10:19] WhatsApp OTP sent successfully | {"http_code":200,"resp":{"messaging_product":"whatsapp","contacts":[{"input":"919096463943","wa_id":"919096463943"}],"messages":[{"id":"wamid.HBgMOTE5MDk2NDYzOTQzFQIAERgSNjBDOUY4OEVDODY3NEEyRjI5AA==","message_status":"accepted"}]}}
[2026-02-15 15:48:39] WhatsApp OTP sent successfully | {"http_code":200,"resp":{"messaging_product":"whatsapp","contacts":[{"input":"919130831517","wa_id":"919130831517"}],"messages":[{"id":"wamid.HBgMOTE5MTMwODMxNTE3FQIAERgSNTJBQUZENTVGMDJFNjNGNUVEAA==","message_status":"accepted"}]}}
[2026-02-15 18:40:36] WhatsApp OTP sent successfully | {"http_code":200,"resp":{"messaging_product":"whatsapp","contacts":[{"input":"919130831517","wa_id":"919130831517"}],"messages":[{"id":"wamid.HBgMOTE5MTMwODMxNTE3FQIAERgSQUFGQkVGQUQ2MzY0MENGMDBDAA==","message_status":"accepted"}]}}
[2026-02-16 01:02:07] WhatsApp OTP sent successfully | {"http_code":200,"resp":{"messaging_product":"whatsapp","contacts":[{"input":"919096463943","wa_id":"919096463943"}],"messages":[{"id":"wamid.HBgMOTE5MDk2NDYzOTQzFQIAERgSRkRFQkE5OEQwMDVCRUQ4MzI4AA==","message_status":"accepted"}]}}
[2026-02-16 01:05:27] WhatsApp OTP sent successfully | {"http_code":200,"resp":{"messaging_product":"whatsapp","contacts":[{"input":"919096463943","wa_id":"919096463943"}],"messages":[{"id":"wamid.HBgMOTE5MDk2NDYzOTQzFQIAERgSOEIxMkY1MEZGQTYzRkQ2RUQ5AA==","message_status":"accepted"}]}}
[2026-02-16 01:05:55] WhatsApp OTP sent successfully | {"http_code":200,"resp":{"messaging_product":"whatsapp","contacts":[{"input":"919096463943","wa_id":"919096463943"}],"messages":[{"id":"wamid.HBgMOTE5MDk2NDYzOTQzFQIAERgSMEFDQUFFNjJDOUI4QTM0ODI4AA==","message_status":"accepted"}]}}
[2026-02-16 02:15:57] WhatsApp OTP sent successfully | {"http_code":200,"resp":{"messaging_product":"whatsapp","contacts":[{"input":"919130831517","wa_id":"919130831517"}],"messages":[{"id":"wamid.HBgMOTE5MTMwODMxNTE3FQIAERgSNDA0MjVCRUI4NkIwOTcxRUEyAA==","message_status":"accepted"}]}}
[2026-02-16 02:46:27] WhatsApp OTP sent successfully | {"http_code":200,"resp":{"messaging_product":"whatsapp","contacts":[{"input":"919096463943","wa_id":"919096463943"}],"messages":[{"id":"wamid.HBgMOTE5MDk2NDYzOTQzFQIAERgSNzY3RkUxM0EwM0NCRUNDOEE3AA==","message_status":"accepted"}]}}
[2026-02-16 03:30:08] WhatsApp OTP sent successfully | {"http_code":200,"resp":{"messaging_product":"whatsapp","contacts":[{"input":"919096463943","wa_id":"919096463943"}],"messages":[{"id":"wamid.HBgMOTE5MDk2NDYzOTQzFQIAERgSRjg4MzlDOTYxQjYzQTRFOUNCAA==","message_status":"accepted"}]}}
[2026-02-16 04:29:54] WhatsApp OTP sent successfully | {"http_code":200,"resp":{"messaging_product":"whatsapp","contacts":[{"input":"919130831517","wa_id":"919130831517"}],"messages":[{"id":"wamid.HBgMOTE5MTMwODMxNTE3FQIAERgSNTYzQ0EwNzIyQ0VDNzRBMjVGAA==","message_status":"accepted"}]}}
[2026-02-16 05:53:29] WhatsApp OTP sent successfully | {"http_code":200,"resp":{"messaging_product":"whatsapp","contacts":[{"input":"919130831517","wa_id":"919130831517"}],"messages":[{"id":"wamid.HBgMOTE5MTMwODMxNTE3FQIAERgSODEwRjE3ODkwREU4OEVDOTc3AA==","message_status":"accepted"}]}}
[2026-02-16 05:55:43] WhatsApp OTP sent successfully | {"http_code":200,"resp":{"messaging_product":"whatsapp","contacts":[{"input":"919130831517","wa_id":"919130831517"}],"messages":[{"id":"wamid.HBgMOTE5MTMwODMxNTE3FQIAERgSRDlBMTNDRjM3NUM2MzRENEY0AA==","message_status":"accepted"}]}}
[2026-02-16 06:20:17] WhatsApp OTP sent successfully | {"http_code":200,"resp":{"messaging_product":"whatsapp","contacts":[{"input":"919130831517","wa_id":"919130831517"}],"messages":[{"id":"wamid.HBgMOTE5MTMwODMxNTE3FQIAERgSM0JDNjU0N0FFNjY0RThDNDU1AA==","message_status":"accepted"}]}}
[2026-02-16 11:25:35] WhatsApp OTP sent successfully | {"http_code":200,"resp":{"messaging_product":"whatsapp","contacts":[{"input":"919096463943","wa_id":"919096463943"}],"messages":[{"id":"wamid.HBgMOTE5MDk2NDYzOTQzFQIAERgSQkI0RDEzMjcxQkFFRkZGRkNBAA==","message_status":"accepted"}]}}
[2026-02-16 12:40:27] WhatsApp OTP sent successfully | {"http_code":200,"resp":{"messaging_product":"whatsapp","contacts":[{"input":"919096463943","wa_id":"919096463943"}],"messages":[{"id":"wamid.HBgMOTE5MDk2NDYzOTQzFQIAERgSN0E1RUQ4QTk5RjMzMUY4NDU2AA==","message_status":"accepted"}]}}
[2026-02-16 16:55:28] WhatsApp OTP sent successfully | {"http_code":200,"resp":{"messaging_product":"whatsapp","contacts":[{"input":"919096463943","wa_id":"919096463943"}],"messages":[{"id":"wamid.HBgMOTE5MDk2NDYzOTQzFQIAERgSNzkyQjNENTFBMjk5QTFDRjMyAA==","message_status":"accepted"}]}}
[2026-02-16 23:09:25] WhatsApp OTP sent successfully | {"http_code":200,"resp":{"messaging_product":"whatsapp","contacts":[{"input":"919130831517","wa_id":"919130831517"}],"messages":[{"id":"wamid.HBgMOTE5MTMwODMxNTE3FQIAERgSOTE3N0MzRDlGMUVDNUJCRUVGAA==","message_status":"accepted"}]}}
[2026-02-17 01:48:14] WhatsApp OTP sent successfully | {"http_code":200,"resp":{"messaging_product":"whatsapp","contacts":[{"input":"919096463943","wa_id":"919096463943"}],"messages":[{"id":"wamid.HBgMOTE5MDk2NDYzOTQzFQIAERgSREY1QzM4NzQwRDkzODcyMkExAA==","message_status":"accepted"}]}}
[2026-02-17 02:25:03] WhatsApp OTP sent successfully | {"http_code":200,"resp":{"messaging_product":"whatsapp","contacts":[{"input":"919130831517","wa_id":"919130831517"}],"messages":[{"id":"wamid.HBgMOTE5MTMwODMxNTE3FQIAERgSQzBEMzREMTQ1QkIyNTkxRDhBAA==","message_status":"accepted"}]}}
[2026-02-17 03:32:42] WhatsApp OTP sent successfully | {"http_code":200,"resp":{"messaging_product":"whatsapp","contacts":[{"input":"919096463943","wa_id":"919096463943"}],"messages":[{"id":"wamid.HBgMOTE5MDk2NDYzOTQzFQIAERgSNTUxODMwNjA5OTA0NzJDQUFBAA==","message_status":"accepted"}]}}
[2026-02-17 03:48:28] WhatsApp OTP sent successfully | {"http_code":200,"resp":{"messaging_product":"whatsapp","contacts":[{"input":"919096463943","wa_id":"919096463943"}],"messages":[{"id":"wamid.HBgMOTE5MDk2NDYzOTQzFQIAERgSRUY2NTMxRUQ0QjQ3MTlEMEU2AA==","message_status":"accepted"}]}}
[2026-02-17 03:48:51] WhatsApp OTP sent successfully | {"http_code":200,"resp":{"messaging_product":"whatsapp","contacts":[{"input":"919096463943","wa_id":"919096463943"}],"messages":[{"id":"wamid.HBgMOTE5MDk2NDYzOTQzFQIAERgSMUM4RTgzRTA0QTIwMzQ0OTI4AA==","message_status":"accepted"}]}}
[2026-02-17 03:56:24] WhatsApp OTP sent successfully | {"http_code":200,"resp":{"messaging_product":"whatsapp","contacts":[{"input":"919130831517","wa_id":"919130831517"}],"messages":[{"id":"wamid.HBgMOTE5MTMwODMxNTE3FQIAERgSMzNCODk3Rjg3ODlDRjQ3N0E5AA==","message_status":"accepted"}]}}
[2026-02-17 04:31:58] WhatsApp OTP sent successfully | {"http_code":200,"resp":{"messaging_product":"whatsapp","contacts":[{"input":"919096463943","wa_id":"919096463943"}],"messages":[{"id":"wamid.HBgMOTE5MDk2NDYzOTQzFQIAERgSMjY5NTMyQTI5MTQ2Nzc1NzAwAA==","message_status":"accepted"}]}}
[2026-02-17 05:02:08] WhatsApp OTP sent successfully | {"http_code":200,"resp":{"messaging_product":"whatsapp","contacts":[{"input":"919130831517","wa_id":"919130831517"}],"messages":[{"id":"wamid.HBgMOTE5MTMwODMxNTE3FQIAERgSRjAxQkY2Qjk0NzI4NEVGRTE1AA==","message_status":"accepted"}]}}
[2026-02-17 05:50:43] WhatsApp OTP sent successfully | {"http_code":200,"resp":{"messaging_product":"whatsapp","contacts":[{"input":"919130831517","wa_id":"919130831517"}],"messages":[{"id":"wamid.HBgMOTE5MTMwODMxNTE3FQIAERgSQUJDQ0EwNzc3NTdCM0YwNUQyAA==","message_status":"accepted"}]}}
[2026-02-17 05:54:54] WhatsApp OTP sent successfully | {"http_code":200,"resp":{"messaging_product":"whatsapp","contacts":[{"input":"919096463943","wa_id":"919096463943"}],"messages":[{"id":"wamid.HBgMOTE5MDk2NDYzOTQzFQIAERgSMkQ0NDRGNEFCNDExNURCOEU0AA==","message_status":"accepted"}]}}
[2026-02-17 06:56:39] WhatsApp OTP sent successfully | {"http_code":200,"resp":{"messaging_product":"whatsapp","contacts":[{"input":"919096463943","wa_id":"919096463943"}],"messages":[{"id":"wamid.HBgMOTE5MDk2NDYzOTQzFQIAERgSNTIzNTI1QkQ2OUQ3NEM3MkRCAA==","message_status":"accepted"}]}}
[2026-02-17 09:07:32] WhatsApp OTP sent successfully | {"http_code":200,"resp":{"messaging_product":"whatsapp","contacts":[{"input":"919130831517","wa_id":"919130831517"}],"messages":[{"id":"wamid.HBgMOTE5MTMwODMxNTE3FQIAERgSOTRDQTg5RTk0QUNCMTc0N0VFAA==","message_status":"accepted"}]}}
[2026-02-17 10:41:07] WhatsApp OTP sent successfully | {"http_code":200,"resp":{"messaging_product":"whatsapp","contacts":[{"input":"919096463943","wa_id":"919096463943"}],"messages":[{"id":"wamid.HBgMOTE5MDk2NDYzOTQzFQIAERgSNjgwQjQyNTk1M0I5NDU3MzVDAA==","message_status":"accepted"}]}}
[2026-02-17 13:32:47] WhatsApp OTP sent successfully | {"http_code":200,"resp":{"messaging_product":"whatsapp","contacts":[{"input":"919130831517","wa_id":"919130831517"}],"messages":[{"id":"wamid.HBgMOTE5MTMwODMxNTE3FQIAERgSRTlERjgxMjMyQkRCNjQxOTAwAA==","message_status":"accepted"}]}}
[2026-02-17 13:44:41] WhatsApp OTP sent successfully | {"http_code":200,"resp":{"messaging_product":"whatsapp","contacts":[{"input":"919096463943","wa_id":"919096463943"}],"messages":[{"id":"wamid.HBgMOTE5MDk2NDYzOTQzFQIAERgSNDA3NDI5QTBEMDZDMkY2REE4AA==","message_status":"accepted"}]}}
[2026-02-17 14:39:24] WhatsApp OTP sent successfully | {"http_code":200,"resp":{"messaging_product":"whatsapp","contacts":[{"input":"919096463943","wa_id":"919096463943"}],"messages":[{"id":"wamid.HBgMOTE5MDk2NDYzOTQzFQIAERgSQTU4MTgxQjE1RTE2NTRCMjU1AA==","message_status":"accepted"}]}}
[2026-02-17 15:44:17] WhatsApp OTP sent successfully | {"http_code":200,"resp":{"messaging_product":"whatsapp","contacts":[{"input":"919096463943","wa_id":"919096463943"}],"messages":[{"id":"wamid.HBgMOTE5MDk2NDYzOTQzFQIAERgSQUJFNjQxQ0Q1MkE4ODM1NjVFAA==","message_status":"accepted"}]}}
[2026-02-18 01:58:46] WhatsApp OTP sent successfully | {"http_code":200,"resp":{"messaging_product":"whatsapp","contacts":[{"input":"919096463943","wa_id":"919096463943"}],"messages":[{"id":"wamid.HBgMOTE5MDk2NDYzOTQzFQIAERgSMjRBOUE3MzEzMDZCNkE4OEUwAA==","message_status":"accepted"}]}}
[2026-02-18 03:57:16] WhatsApp OTP sent successfully | {"http_code":200,"resp":{"messaging_product":"whatsapp","contacts":[{"input":"919130831517","wa_id":"919130831517"}],"messages":[{"id":"wamid.HBgMOTE5MTMwODMxNTE3FQIAERgSREVEMEJGOURFQTI5QkY2MEYyAA==","message_status":"accepted"}]}}
[2026-02-18 04:05:21] WhatsApp OTP sent successfully | {"http_code":200,"resp":{"messaging_product":"whatsapp","contacts":[{"input":"919096463943","wa_id":"919096463943"}],"messages":[{"id":"wamid.HBgMOTE5MDk2NDYzOTQzFQIAERgSOTAzRTA3MjQzREJDMzlDQUY0AA==","message_status":"accepted"}]}}
[2026-02-18 17:44:34] WhatsApp OTP sent successfully | {"http_code":200,"resp":{"messaging_product":"whatsapp","contacts":[{"input":"919096463943","wa_id":"919096463943"}],"messages":[{"id":"wamid.HBgMOTE5MDk2NDYzOTQzFQIAERgSQUI4OUY5M0ZEMjk1MDEyRjY1AA==","message_status":"accepted"}]}}
[2026-02-19 03:51:49] WhatsApp OTP sent successfully | {"http_code":200,"resp":{"messaging_product":"whatsapp","contacts":[{"input":"919096463943","wa_id":"919096463943"}],"messages":[{"id":"wamid.HBgMOTE5MDk2NDYzOTQzFQIAERgSQzQ5OEI3NEQ1RDg2MjA1MDc3AA==","message_status":"accepted"}]}}
[2026-02-19 04:46:41] WhatsApp OTP sent successfully | {"http_code":200,"resp":{"messaging_product":"whatsapp","contacts":[{"input":"919130831517","wa_id":"919130831517"}],"messages":[{"id":"wamid.HBgMOTE5MTMwODMxNTE3FQIAERgSRUYxMTQxMDk4NTU1ODc5QjEzAA==","message_status":"accepted"}]}}
[2026-02-19 11:31:26] WhatsApp OTP sent successfully | {"http_code":200,"resp":{"messaging_product":"whatsapp","contacts":[{"input":"919096463943","wa_id":"919096463943"}],"messages":[{"id":"wamid.HBgMOTE5MDk2NDYzOTQzFQIAERgSMjkyQUU1NDlEMjQ1QkNDMjQ2AA==","message_status":"accepted"}]}}
[2026-02-19 11:43:10] WhatsApp OTP sent successfully | {"http_code":200,"resp":{"messaging_product":"whatsapp","contacts":[{"input":"919096463943","wa_id":"919096463943"}],"messages":[{"id":"wamid.HBgMOTE5MDk2NDYzOTQzFQIAERgSM0Y3NDkzNjg1NUJGMzlDMUNCAA==","message_status":"accepted"}]}}
[2026-02-19 11:57:46] WhatsApp OTP sent successfully | {"http_code":200,"resp":{"messaging_product":"whatsapp","contacts":[{"input":"919130831517","wa_id":"919130831517"}],"messages":[{"id":"wamid.HBgMOTE5MTMwODMxNTE3FQIAERgSMzg0RThGRkJDMzBEQzUzN0M2AA==","message_status":"accepted"}]}}
[2026-02-19 14:19:01] WhatsApp OTP sent successfully | {"http_code":200,"resp":{"messaging_product":"whatsapp","contacts":[{"input":"919096463943","wa_id":"919096463943"}],"messages":[{"id":"wamid.HBgMOTE5MDk2NDYzOTQzFQIAERgSRTI4MkJGQ0M2MjRFMEYxMUJFAA==","message_status":"accepted"}]}}
[2026-02-20 04:20:31] WhatsApp OTP sent successfully | {"http_code":200,"resp":{"messaging_product":"whatsapp","contacts":[{"input":"919096463943","wa_id":"919096463943"}],"messages":[{"id":"wamid.HBgMOTE5MDk2NDYzOTQzFQIAERgSNUJFMjBCMEQxMEQ3Q0Y5RDg4AA==","message_status":"accepted"}]}}
[2026-02-20 04:47:40] WhatsApp OTP sent successfully | {"http_code":200,"resp":{"messaging_product":"whatsapp","contacts":[{"input":"919130831517","wa_id":"919130831517"}],"messages":[{"id":"wamid.HBgMOTE5MTMwODMxNTE3FQIAERgSM0Y2NzVFODM3MjUxOUQ4RkJFAA==","message_status":"accepted"}]}}
[2026-02-20 10:48:09] WhatsApp OTP sent successfully | {"http_code":200,"resp":{"messaging_product":"whatsapp","contacts":[{"input":"919130831517","wa_id":"919130831517"}],"messages":[{"id":"wamid.HBgMOTE5MTMwODMxNTE3FQIAERgSNDVGQjU5Q0YzNDU2RjRBOUQ2AA==","message_status":"accepted"}]}}
[2026-02-21 03:20:15] WhatsApp OTP sent successfully | {"http_code":200,"resp":{"messaging_product":"whatsapp","contacts":[{"input":"919096463943","wa_id":"919096463943"}],"messages":[{"id":"wamid.HBgMOTE5MDk2NDYzOTQzFQIAERgSQzdCNDE3NzNBREM4Rjk1NzY4AA==","message_status":"accepted"}]}}
[2026-02-21 07:48:50] WhatsApp OTP sent successfully | {"http_code":200,"resp":{"messaging_product":"whatsapp","contacts":[{"input":"919096463943","wa_id":"919096463943"}],"messages":[{"id":"wamid.HBgMOTE5MDk2NDYzOTQzFQIAERgSNkQzMzM4MTY0NzNCRDA2QjExAA==","message_status":"accepted"}]}}
[2026-02-21 12:33:54] WhatsApp OTP sent successfully | {"http_code":200,"resp":{"messaging_product":"whatsapp","contacts":[{"input":"919130831517","wa_id":"919130831517"}],"messages":[{"id":"wamid.HBgMOTE5MTMwODMxNTE3FQIAERgSOEIyRDgwRkZBMkFCNTFCQkJFAA==","message_status":"accepted"}]}}
[2026-02-22 06:12:58] WhatsApp OTP sent successfully | {"http_code":200,"resp":{"messaging_product":"whatsapp","contacts":[{"input":"919130831517","wa_id":"919130831517"}],"messages":[{"id":"wamid.HBgMOTE5MTMwODMxNTE3FQIAERgSOUI1OTAzMjkxMDcxMUY2RjA3AA==","message_status":"accepted"}]}}
[2026-02-22 08:55:44] WhatsApp OTP sent successfully | {"http_code":200,"resp":{"messaging_product":"whatsapp","contacts":[{"input":"919130831517","wa_id":"919130831517"}],"messages":[{"id":"wamid.HBgMOTE5MTMwODMxNTE3FQIAERgSQ0Q2MkFEODYzRjA1MEQ0MDZDAA==","message_status":"accepted"}]}}
[2026-02-23 03:20:37] WhatsApp OTP sent successfully | {"http_code":200,"resp":{"messaging_product":"whatsapp","contacts":[{"input":"919096463943","wa_id":"919096463943"}],"messages":[{"id":"wamid.HBgMOTE5MDk2NDYzOTQzFQIAERgSRENBOTZGQzY3RjI2Q0JDNDY5AA==","message_status":"accepted"}]}}
[2026-02-23 07:12:26] WhatsApp OTP sent successfully | {"http_code":200,"resp":{"messaging_product":"whatsapp","contacts":[{"input":"919130831517","wa_id":"919130831517"}],"messages":[{"id":"wamid.HBgMOTE5MTMwODMxNTE3FQIAERgSMUNGNkY5NTFFQkIwRDZCRTg2AA==","message_status":"accepted"}]}}
[2026-02-23 08:58:13] WhatsApp OTP sent successfully | {"http_code":200,"resp":{"messaging_product":"whatsapp","contacts":[{"input":"919096463943","wa_id":"919096463943"}],"messages":[{"id":"wamid.HBgMOTE5MDk2NDYzOTQzFQIAERgSRTQ4RTVGRDU1MEM3OEJFNTU2AA==","message_status":"accepted"}]}}
[2026-02-23 10:33:33] WhatsApp OTP sent successfully | {"http_code":200,"resp":{"messaging_product":"whatsapp","contacts":[{"input":"919130831517","wa_id":"919130831517"}],"messages":[{"id":"wamid.HBgMOTE5MTMwODMxNTE3FQIAERgSN0VGNDY1QkE3REE1Rjg5ODQwAA==","message_status":"accepted"}]}}
[2026-02-23 12:44:58] WhatsApp OTP sent successfully | {"http_code":200,"resp":{"messaging_product":"whatsapp","contacts":[{"input":"919130831517","wa_id":"919130831517"}],"messages":[{"id":"wamid.HBgMOTE5MTMwODMxNTE3FQIAERgSQTI3QzFEODM1MkFDNjAyRUREAA==","message_status":"accepted"}]}}
[2026-02-24 04:51:49] WhatsApp OTP sent successfully | {"http_code":200,"resp":{"messaging_product":"whatsapp","contacts":[{"input":"919130831517","wa_id":"919130831517"}],"messages":[{"id":"wamid.HBgMOTE5MTMwODMxNTE3FQIAERgSRjExNUU0MTEyRDk3OTdGNkI3AA==","message_status":"accepted"}]}}
[2026-02-24 07:22:21] WhatsApp OTP sent successfully | {"http_code":200,"resp":{"messaging_product":"whatsapp","contacts":[{"input":"919130831517","wa_id":"919130831517"}],"messages":[{"id":"wamid.HBgMOTE5MTMwODMxNTE3FQIAERgSRjhBNTMzODNDMzgxMDMxNTcwAA==","message_status":"accepted"}]}}
[2026-02-24 07:30:15] WhatsApp OTP sent successfully | {"http_code":200,"resp":{"messaging_product":"whatsapp","contacts":[{"input":"919130831517","wa_id":"919130831517"}],"messages":[{"id":"wamid.HBgMOTE5MTMwODMxNTE3FQIAERgSM0MzQUUwMTQyRDJBOTNDMUQ5AA==","message_status":"accepted"}]}}
[2026-02-24 11:49:54] WhatsApp OTP sent successfully | {"http_code":200,"resp":{"messaging_product":"whatsapp","contacts":[{"input":"919130831517","wa_id":"919130831517"}],"messages":[{"id":"wamid.HBgMOTE5MTMwODMxNTE3FQIAERgSMDI2OEI3MzA5MEYyMUZBQjdCAA==","message_status":"accepted"}]}}
[2026-02-25 04:02:45] WhatsApp OTP sent successfully | {"http_code":200,"resp":{"messaging_product":"whatsapp","contacts":[{"input":"919096463943","wa_id":"919096463943"}],"messages":[{"id":"wamid.HBgMOTE5MDk2NDYzOTQzFQIAERgSMTU2MEU4NDMxQTBDMzg3NTU4AA==","message_status":"accepted"}]}}
[2026-02-25 09:29:43] WhatsApp OTP sent successfully | {"http_code":200,"resp":{"messaging_product":"whatsapp","contacts":[{"input":"919130831517","wa_id":"919130831517"}],"messages":[{"id":"wamid.HBgMOTE5MTMwODMxNTE3FQIAERgSQTA1OTc4MTIzOTY1QjVGRjA0AA==","message_status":"accepted"}]}}
[2026-02-25 10:56:17] WhatsApp OTP sent successfully | {"http_code":200,"resp":{"messaging_product":"whatsapp","contacts":[{"input":"919130831517","wa_id":"919130831517"}],"messages":[{"id":"wamid.HBgMOTE5MTMwODMxNTE3FQIAERgSRDI2NzRGNDQ0NzFCQUIzQzg1AA==","message_status":"accepted"}]}}
[2026-02-26 05:17:10] WhatsApp OTP sent successfully | {"http_code":200,"resp":{"messaging_product":"whatsapp","contacts":[{"input":"919130831517","wa_id":"919130831517"}],"messages":[{"id":"wamid.HBgMOTE5MTMwODMxNTE3FQIAERgSOTdFRjRBMUUxMzRGMUU3RDRFAA==","message_status":"accepted"}]}}
[2026-02-26 07:43:06] WhatsApp OTP sent successfully | {"http_code":200,"resp":{"messaging_product":"whatsapp","contacts":[{"input":"919130831517","wa_id":"919130831517"}],"messages":[{"id":"wamid.HBgMOTE5MTMwODMxNTE3FQIAERgSOUM0NEFFNjZDQ0EyMkI2QzMwAA==","message_status":"accepted"}]}}
[2026-02-26 09:54:45] WhatsApp OTP sent successfully | {"http_code":200,"resp":{"messaging_product":"whatsapp","contacts":[{"input":"919130831517","wa_id":"919130831517"}],"messages":[{"id":"wamid.HBgMOTE5MTMwODMxNTE3FQIAERgSNkIzQ0FGQjFGNTBCMTg2MzgwAA==","message_status":"accepted"}]}}
[2026-02-26 18:14:14] WhatsApp OTP sent successfully | {"http_code":200,"resp":{"messaging_product":"whatsapp","contacts":[{"input":"919096463943","wa_id":"919096463943"}],"messages":[{"id":"wamid.HBgMOTE5MDk2NDYzOTQzFQIAERgSQ0Q2QjZEMDVGMDZCRUY1QTE4AA==","message_status":"accepted"}]}}
[2026-02-26 18:23:45] WhatsApp OTP sent successfully | {"http_code":200,"resp":{"messaging_product":"whatsapp","contacts":[{"input":"919096463943","wa_id":"919096463943"}],"messages":[{"id":"wamid.HBgMOTE5MDk2NDYzOTQzFQIAERgSNDY4MEVFMjMzQTVGNDlDOUUyAA==","message_status":"accepted"}]}}
[2026-02-27 04:49:54] WhatsApp OTP sent successfully | {"http_code":200,"resp":{"messaging_product":"whatsapp","contacts":[{"input":"919130831517","wa_id":"919130831517"}],"messages":[{"id":"wamid.HBgMOTE5MTMwODMxNTE3FQIAERgSM0I0NzZGODNBQzhCOUVCNUFBAA==","message_status":"accepted"}]}}
[2026-02-27 05:37:23] WhatsApp OTP sent successfully | {"http_code":200,"resp":{"messaging_product":"whatsapp","contacts":[{"input":"919130831517","wa_id":"919130831517"}],"messages":[{"id":"wamid.HBgMOTE5MTMwODMxNTE3FQIAERgSN0QwQUM1RTUxNzdEQzkwRDJCAA==","message_status":"accepted"}]}}
[2026-02-27 06:47:06] WhatsApp OTP sent successfully | {"http_code":200,"resp":{"messaging_product":"whatsapp","contacts":[{"input":"919130831517","wa_id":"919130831517"}],"messages":[{"id":"wamid.HBgMOTE5MTMwODMxNTE3FQIAERgSRTlGMDY5RkYyMUYwMzY1MkRCAA==","message_status":"accepted"}]}}
[2026-02-27 06:56:35] WhatsApp OTP sent successfully | {"http_code":200,"resp":{"messaging_product":"whatsapp","contacts":[{"input":"919130831517","wa_id":"919130831517"}],"messages":[{"id":"wamid.HBgMOTE5MTMwODMxNTE3FQIAERgSNDZDMkFDN0NGNEU0QUU3N0REAA==","message_status":"accepted"}]}}
[2026-02-27 10:12:18] WhatsApp OTP sent successfully | {"http_code":200,"resp":{"messaging_product":"whatsapp","contacts":[{"input":"919130831517","wa_id":"919130831517"}],"messages":[{"id":"wamid.HBgMOTE5MTMwODMxNTE3FQIAERgSNDVGNjhCNTc2NkNCOUJDQTk5AA==","message_status":"accepted"}]}}
[2026-02-27 11:56:59] WhatsApp OTP sent successfully | {"http_code":200,"resp":{"messaging_product":"whatsapp","contacts":[{"input":"919130831517","wa_id":"919130831517"}],"messages":[{"id":"wamid.HBgMOTE5MTMwODMxNTE3FQIAERgSNTRDMDFCQzhCRDEwM0E0OEY1AA==","message_status":"accepted"}]}}
[2026-02-28 04:57:02] WhatsApp OTP sent successfully | {"http_code":200,"resp":{"messaging_product":"whatsapp","contacts":[{"input":"919130831517","wa_id":"919130831517"}],"messages":[{"id":"wamid.HBgMOTE5MTMwODMxNTE3FQIAERgSRDJFMzUzNDM5MDAwN0ZBMkNEAA==","message_status":"accepted"}]}}
[2026-02-28 05:06:05] WhatsApp OTP sent successfully | {"http_code":200,"resp":{"messaging_product":"whatsapp","contacts":[{"input":"919130831517","wa_id":"919130831517"}],"messages":[{"id":"wamid.HBgMOTE5MTMwODMxNTE3FQIAERgSMUZBNTAwN0M4QzBBNTBEREFEAA==","message_status":"accepted"}]}}
[2026-02-28 14:01:44] WhatsApp OTP sent successfully | {"http_code":200,"resp":{"messaging_product":"whatsapp","contacts":[{"input":"919096463943","wa_id":"919096463943"}],"messages":[{"id":"wamid.HBgMOTE5MDk2NDYzOTQzFQIAERgSOEQxRkE4NjdCRTBDODJCMTY3AA==","message_status":"accepted"}]}}
[2026-02-28 14:19:39] WhatsApp OTP sent successfully | {"http_code":200,"resp":{"messaging_product":"whatsapp","contacts":[{"input":"919130831517","wa_id":"919130831517"}],"messages":[{"id":"wamid.HBgMOTE5MTMwODMxNTE3FQIAERgSOTE0MzlGOTg1MEQxRkRDMzZFAA==","message_status":"accepted"}]}}
[2026-03-01 06:21:01] WhatsApp OTP sent successfully | {"http_code":200,"resp":{"messaging_product":"whatsapp","contacts":[{"input":"919130831517","wa_id":"919130831517"}],"messages":[{"id":"wamid.HBgMOTE5MTMwODMxNTE3FQIAERgSOThCMjJDMzNGQjJCQ0JGNTMxAA==","message_status":"accepted"}]}}
[2026-03-01 09:20:47] WhatsApp OTP sent successfully | {"http_code":200,"resp":{"messaging_product":"whatsapp","contacts":[{"input":"919130831517","wa_id":"919130831517"}],"messages":[{"id":"wamid.HBgMOTE5MTMwODMxNTE3FQIAERgSODk3MDk2MDFFMjlDRjIzRkE3AA==","message_status":"accepted"}]}}
[2026-03-02 06:27:01] WhatsApp OTP sent successfully | {"http_code":200,"resp":{"messaging_product":"whatsapp","contacts":[{"input":"919130831517","wa_id":"919130831517"}],"messages":[{"id":"wamid.HBgMOTE5MTMwODMxNTE3FQIAERgSMjg3OEQyMkJFQ0NFMkI1NjkxAA==","message_status":"accepted"}]}}
[2026-03-02 09:42:02] WhatsApp OTP sent successfully | {"http_code":200,"resp":{"messaging_product":"whatsapp","contacts":[{"input":"919130831517","wa_id":"919130831517"}],"messages":[{"id":"wamid.HBgMOTE5MTMwODMxNTE3FQIAERgSOTFBMjMzMTZGRjYwMzJDMzVFAA==","message_status":"accepted"}]}}
[2026-03-03 06:55:02] WhatsApp OTP sent successfully | {"http_code":200,"resp":{"messaging_product":"whatsapp","contacts":[{"input":"919096463943","wa_id":"919096463943"}],"messages":[{"id":"wamid.HBgMOTE5MDk2NDYzOTQzFQIAERgSNzRBNkJGOTk4OTdEN0RFQjdBAA==","message_status":"accepted"}]}}
[2026-03-03 09:43:22] WhatsApp OTP sent successfully | {"http_code":200,"resp":{"messaging_product":"whatsapp","contacts":[{"input":"919096463943","wa_id":"919096463943"}],"messages":[{"id":"wamid.HBgMOTE5MDk2NDYzOTQzFQIAERgSRTFEMkRGODFENkM2RDkwMzJFAA==","message_status":"accepted"}]}}
[2026-03-05 03:39:20] WhatsApp OTP sent successfully | {"http_code":200,"resp":{"messaging_product":"whatsapp","contacts":[{"input":"919130831517","wa_id":"919130831517"}],"messages":[{"id":"wamid.HBgMOTE5MTMwODMxNTE3FQIAERgSNzRCMzFBM0JGQjUxODZFREFDAA==","message_status":"accepted"}]}}
[2026-03-05 05:22:37] WhatsApp OTP sent successfully | {"http_code":200,"resp":{"messaging_product":"whatsapp","contacts":[{"input":"919130831517","wa_id":"919130831517"}],"messages":[{"id":"wamid.HBgMOTE5MTMwODMxNTE3FQIAERgSQjIxODhDNDdGQzk2QUVGQjU3AA==","message_status":"accepted"}]}}
[2026-03-05 07:39:35] WhatsApp OTP sent successfully | {"http_code":200,"resp":{"messaging_product":"whatsapp","contacts":[{"input":"919130831517","wa_id":"919130831517"}],"messages":[{"id":"wamid.HBgMOTE5MTMwODMxNTE3FQIAERgSMThGNjJEQzhCNEYzOTk3RTIxAA==","message_status":"accepted"}]}}
[2026-03-05 14:03:43] WhatsApp OTP sent successfully | {"http_code":200,"resp":{"messaging_product":"whatsapp","contacts":[{"input":"919130831517","wa_id":"919130831517"}],"messages":[{"id":"wamid.HBgMOTE5MTMwODMxNTE3FQIAERgSODk2MTU0NjYwNkE4RTU2QzBDAA==","message_status":"accepted"}]}}
[2026-03-06 05:16:00] WhatsApp OTP sent successfully | {"http_code":200,"resp":{"messaging_product":"whatsapp","contacts":[{"input":"919130831517","wa_id":"919130831517"}],"messages":[{"id":"wamid.HBgMOTE5MTMwODMxNTE3FQIAERgSQTNFMTJBRjgwMDY2NDAxRkNEAA==","message_status":"accepted"}]}}
[2026-03-06 09:00:34] WhatsApp OTP sent successfully | {"http_code":200,"resp":{"messaging_product":"whatsapp","contacts":[{"input":"919096463943","wa_id":"919096463943"}],"messages":[{"id":"wamid.HBgMOTE5MDk2NDYzOTQzFQIAERgSRkI4NjI2NEQwQzQzMDNENDU2AA==","message_status":"accepted"}]}}
[2026-03-06 09:20:26] WhatsApp OTP sent successfully | {"http_code":200,"resp":{"messaging_product":"whatsapp","contacts":[{"input":"919130831517","wa_id":"919130831517"}],"messages":[{"id":"wamid.HBgMOTE5MTMwODMxNTE3FQIAERgSRUUwNTEwNkFFMUU2NjE2NTk3AA==","message_status":"accepted"}]}}
[2026-03-06 14:24:42] WhatsApp OTP sent successfully | {"http_code":200,"resp":{"messaging_product":"whatsapp","contacts":[{"input":"919130831517","wa_id":"919130831517"}],"messages":[{"id":"wamid.HBgMOTE5MTMwODMxNTE3FQIAERgSREEwRDdDNTg4MUIyNTIwREJGAA==","message_status":"accepted"}]}}
[2026-03-07 05:25:16] WhatsApp OTP sent successfully | {"http_code":200,"resp":{"messaging_product":"whatsapp","contacts":[{"input":"919130831517","wa_id":"919130831517"}],"messages":[{"id":"wamid.HBgMOTE5MTMwODMxNTE3FQIAERgSMzY2Q0NERTZFOTQ1MTk2NTc3AA==","message_status":"accepted"}]}}
[2026-03-07 07:20:02] WhatsApp OTP sent successfully | {"http_code":200,"resp":{"messaging_product":"whatsapp","contacts":[{"input":"919130831517","wa_id":"919130831517"}],"messages":[{"id":"wamid.HBgMOTE5MTMwODMxNTE3FQIAERgSQjFCMzY0Nzg3M0Y1QUY1NDAzAA==","message_status":"accepted"}]}}
[2026-03-07 07:21:58] WhatsApp OTP sent successfully | {"http_code":200,"resp":{"messaging_product":"whatsapp","contacts":[{"input":"919130831517","wa_id":"919130831517"}],"messages":[{"id":"wamid.HBgMOTE5MTMwODMxNTE3FQIAERgSOEREOERGMDY5NUFGNkFFMjBEAA==","message_status":"accepted"}]}}
[2026-03-07 09:16:52] WhatsApp OTP sent successfully | {"http_code":200,"resp":{"messaging_product":"whatsapp","contacts":[{"input":"919130831517","wa_id":"919130831517"}],"messages":[{"id":"wamid.HBgMOTE5MTMwODMxNTE3FQIAERgSN0Q1MTQ0NEExODkwOUJEMTYzAA==","message_status":"accepted"}]}}
[2026-03-08 05:20:31] WhatsApp OTP sent successfully | {"http_code":200,"resp":{"messaging_product":"whatsapp","contacts":[{"input":"919130831517","wa_id":"919130831517"}],"messages":[{"id":"wamid.HBgMOTE5MTMwODMxNTE3FQIAERgSODUzM0E4MDFGOTY5MEJFODlEAA==","message_status":"accepted"}]}}
[2026-03-08 08:13:54] WhatsApp OTP sent successfully | {"http_code":200,"resp":{"messaging_product":"whatsapp","contacts":[{"input":"919096463943","wa_id":"919096463943"}],"messages":[{"id":"wamid.HBgMOTE5MDk2NDYzOTQzFQIAERgSMjBCMTlENzVGOUNGNjlBOUU1AA==","message_status":"accepted"}]}}
[2026-03-08 08:16:14] WhatsApp OTP sent successfully | {"http_code":200,"resp":{"messaging_product":"whatsapp","contacts":[{"input":"919096463943","wa_id":"919096463943"}],"messages":[{"id":"wamid.HBgMOTE5MDk2NDYzOTQzFQIAERgSNDg1NTAwNDRBRjRGMjk0N0VGAA==","message_status":"accepted"}]}}
[2026-03-09 04:57:00] WhatsApp OTP sent successfully | {"http_code":200,"resp":{"messaging_product":"whatsapp","contacts":[{"input":"919130831517","wa_id":"919130831517"}],"messages":[{"id":"wamid.HBgMOTE5MTMwODMxNTE3FQIAERgSMDE5ODY5RDU2OUJFNDVGMEZBAA==","message_status":"accepted"}]}}
[2026-03-09 09:37:06] WhatsApp OTP sent successfully | {"http_code":200,"resp":{"messaging_product":"whatsapp","contacts":[{"input":"919130831517","wa_id":"919130831517"}],"messages":[{"id":"wamid.HBgMOTE5MTMwODMxNTE3FQIAERgSOUFBNjU3NDExN0NDQjJGODg3AA==","message_status":"accepted"}]}}
[2026-03-09 10:24:47] WhatsApp OTP sent successfully | {"http_code":200,"resp":{"messaging_product":"whatsapp","contacts":[{"input":"919130831517","wa_id":"919130831517"}],"messages":[{"id":"wamid.HBgMOTE5MTMwODMxNTE3FQIAERgSM0JFRTc4M0JDNkQyOTQyMjBCAA==","message_status":"accepted"}]}}
[2026-03-10 05:38:50] WhatsApp OTP sent successfully | {"http_code":200,"resp":{"messaging_product":"whatsapp","contacts":[{"input":"919130831517","wa_id":"919130831517"}],"messages":[{"id":"wamid.HBgMOTE5MTMwODMxNTE3FQIAERgSQkNDMjU2M0VBOTU4NzQ1MUQ2AA==","message_status":"accepted"}]}}
[2026-03-10 07:33:46] WhatsApp OTP sent successfully | {"http_code":200,"resp":{"messaging_product":"whatsapp","contacts":[{"input":"919130831517","wa_id":"919130831517"}],"messages":[{"id":"wamid.HBgMOTE5MTMwODMxNTE3FQIAERgSNEJFNkNBNTI2RDQxMjJFMkNCAA==","message_status":"accepted"}]}}
[2026-03-10 07:46:57] WhatsApp OTP sent successfully | {"http_code":200,"resp":{"messaging_product":"whatsapp","contacts":[{"input":"919130831517","wa_id":"919130831517"}],"messages":[{"id":"wamid.HBgMOTE5MTMwODMxNTE3FQIAERgSQjU1RDZEQkVEREEyOEJCNzBEAA==","message_status":"accepted"}]}}
[2026-03-10 08:00:49] WhatsApp OTP sent successfully | {"http_code":200,"resp":{"messaging_product":"whatsapp","contacts":[{"input":"919096463943","wa_id":"919096463943"}],"messages":[{"id":"wamid.HBgMOTE5MDk2NDYzOTQzFQIAERgSQUYzQUVFODcxNzU1Qzg4RkVEAA==","message_status":"accepted"}]}}
[2026-03-11 04:57:51] WhatsApp OTP sent successfully | {"http_code":200,"resp":{"messaging_product":"whatsapp","contacts":[{"input":"919130831517","wa_id":"919130831517"}],"messages":[{"id":"wamid.HBgMOTE5MTMwODMxNTE3FQIAERgSODlGRkE0MzYwRUIyMDhEMTg1AA==","message_status":"accepted"}]}}
[2026-03-12 05:49:16] WhatsApp OTP sent successfully | {"http_code":200,"resp":{"messaging_product":"whatsapp","contacts":[{"input":"919096463943","wa_id":"919096463943"}],"messages":[{"id":"wamid.HBgMOTE5MDk2NDYzOTQzFQIAERgSNkM3NkEzM0VENTVEMEMxOEQ4AA==","message_status":"accepted"}]}}
[2026-03-12 06:21:56] WhatsApp OTP sent successfully | {"http_code":200,"resp":{"messaging_product":"whatsapp","contacts":[{"input":"919130831517","wa_id":"919130831517"}],"messages":[{"id":"wamid.HBgMOTE5MTMwODMxNTE3FQIAERgSQzA3MEZEQUMxQTBDMjdFRjI5AA==","message_status":"accepted"}]}}
[2026-03-13 04:37:31] WhatsApp OTP sent successfully | {"http_code":200,"resp":{"messaging_product":"whatsapp","contacts":[{"input":"919130831517","wa_id":"919130831517"}],"messages":[{"id":"wamid.HBgMOTE5MTMwODMxNTE3FQIAERgSODUyODU0ODQ4OTMwNjc4Nzk4AA==","message_status":"accepted"}]}}
[2026-03-13 09:38:42] WhatsApp OTP sent successfully | {"http_code":200,"resp":{"messaging_product":"whatsapp","contacts":[{"input":"919130831517","wa_id":"919130831517"}],"messages":[{"id":"wamid.HBgMOTE5MTMwODMxNTE3FQIAERgSNjY3REM4RENFMkVGOTY3RTU5AA==","message_status":"accepted"}]}}
[2026-03-14 04:59:53] WhatsApp OTP sent successfully | {"http_code":200,"resp":{"messaging_product":"whatsapp","contacts":[{"input":"919130831517","wa_id":"919130831517"}],"messages":[{"id":"wamid.HBgMOTE5MTMwODMxNTE3FQIAERgSRTFFREExMEQ1Njg0NkY1Rjk2AA==","message_status":"accepted"}]}}
[2026-03-15 04:38:59] WhatsApp OTP sent successfully | {"http_code":200,"resp":{"messaging_product":"whatsapp","contacts":[{"input":"919130831517","wa_id":"919130831517"}],"messages":[{"id":"wamid.HBgMOTE5MTMwODMxNTE3FQIAERgSNzVFM0M3MzMyRDcwMzI0OTA1AA==","message_status":"accepted"}]}}
[2026-03-15 07:56:46] WhatsApp OTP sent successfully | {"http_code":200,"resp":{"messaging_product":"whatsapp","contacts":[{"input":"919130831517","wa_id":"919130831517"}],"messages":[{"id":"wamid.HBgMOTE5MTMwODMxNTE3FQIAERgSNDdENEJCMjFDMDMxREE4OUFEAA==","message_status":"accepted"}]}}
[2026-03-15 09:29:09] WhatsApp OTP sent successfully | {"http_code":200,"resp":{"messaging_product":"whatsapp","contacts":[{"input":"919130831517","wa_id":"919130831517"}],"messages":[{"id":"wamid.HBgMOTE5MTMwODMxNTE3FQIAERgSQTMxMzgzMUYxNDU1NkIyNzc1AA==","message_status":"accepted"}]}}
[2026-03-16 04:54:24] WhatsApp OTP sent successfully | {"http_code":200,"resp":{"messaging_product":"whatsapp","contacts":[{"input":"919130831517","wa_id":"919130831517"}],"messages":[{"id":"wamid.HBgMOTE5MTMwODMxNTE3FQIAERgSRDMyOTY5RUJENjk2NTMxRDFCAA==","message_status":"accepted"}]}}
[2026-03-16 11:02:13] WhatsApp OTP sent successfully | {"http_code":200,"resp":{"messaging_product":"whatsapp","contacts":[{"input":"919130831517","wa_id":"919130831517"}],"messages":[{"id":"wamid.HBgMOTE5MTMwODMxNTE3FQIAERgSRDAzRTM0RkMwMUY1NDM0REVBAA==","message_status":"accepted"}]}}
[2026-03-16 13:30:13] WhatsApp OTP sent successfully | {"http_code":200,"resp":{"messaging_product":"whatsapp","contacts":[{"input":"919096463943","wa_id":"919096463943"}],"messages":[{"id":"wamid.HBgMOTE5MDk2NDYzOTQzFQIAERgSNDQ1NEM2RTIxN0UyREEwNjAwAA==","message_status":"accepted"}]}}
[2026-03-17 05:04:39] WhatsApp OTP sent successfully | {"http_code":200,"resp":{"messaging_product":"whatsapp","contacts":[{"input":"919130831517","wa_id":"919130831517"}],"messages":[{"id":"wamid.HBgMOTE5MTMwODMxNTE3FQIAERgSMTRFQUM2NkY0NDNEREFGNjg3AA==","message_status":"accepted"}]}}
[2026-03-17 13:45:27] WhatsApp OTP sent successfully | {"http_code":200,"resp":{"messaging_product":"whatsapp","contacts":[{"input":"919130831517","wa_id":"919130831517"}],"messages":[{"id":"wamid.HBgMOTE5MTMwODMxNTE3FQIAERgSRUQ0QkI0RkI4MzQxRDk0NEYxAA==","message_status":"accepted"}]}}
[2026-03-18 04:52:24] WhatsApp OTP sent successfully | {"http_code":200,"resp":{"messaging_product":"whatsapp","contacts":[{"input":"919130831517","wa_id":"919130831517"}],"messages":[{"id":"wamid.HBgMOTE5MTMwODMxNTE3FQIAERgSNDAxOTk1N0JFMTcwOTdDNTczAA==","message_status":"accepted"}]}}
[2026-03-18 07:31:10] WhatsApp OTP sent successfully | {"http_code":200,"resp":{"messaging_product":"whatsapp","contacts":[{"input":"919130831517","wa_id":"919130831517"}],"messages":[{"id":"wamid.HBgMOTE5MTMwODMxNTE3FQIAERgSNTQ5OTU4OUE5MzYzODRDNEZBAA==","message_status":"accepted"}]}}
[2026-03-18 09:35:25] WhatsApp OTP sent successfully | {"http_code":200,"resp":{"messaging_product":"whatsapp","contacts":[{"input":"919130831517","wa_id":"919130831517"}],"messages":[{"id":"wamid.HBgMOTE5MTMwODMxNTE3FQIAERgSRTc3NDk2MDQxQ0JFQjZDQUI1AA==","message_status":"accepted"}]}}
[2026-03-18 11:08:49] WhatsApp OTP sent successfully | {"http_code":200,"resp":{"messaging_product":"whatsapp","contacts":[{"input":"919130831517","wa_id":"919130831517"}],"messages":[{"id":"wamid.HBgMOTE5MTMwODMxNTE3FQIAERgSNDlGRDdDQTk5QzcwMzlEOTVCAA==","message_status":"accepted"}]}}
[2026-03-18 11:42:42] WhatsApp OTP sent successfully | {"http_code":200,"resp":{"messaging_product":"whatsapp","contacts":[{"input":"919130831517","wa_id":"919130831517"}],"messages":[{"id":"wamid.HBgMOTE5MTMwODMxNTE3FQIAERgSNTE1RTAzNkE1N0REQTVDRTgyAA==","message_status":"accepted"}]}}
[2026-03-19 11:20:20] WhatsApp OTP sent successfully | {"http_code":200,"resp":{"messaging_product":"whatsapp","contacts":[{"input":"919130831517","wa_id":"919130831517"}],"messages":[{"id":"wamid.HBgMOTE5MTMwODMxNTE3FQIAERgSQzA1NjAxOTNCMTlDOUQyNUQxAA==","message_status":"accepted"}]}}
[2026-03-20 05:07:57] WhatsApp OTP sent successfully | {"http_code":200,"resp":{"messaging_product":"whatsapp","contacts":[{"input":"919130831517","wa_id":"919130831517"}],"messages":[{"id":"wamid.HBgMOTE5MTMwODMxNTE3FQIAERgSNTc1RTcwQTQ2NTE5NDkwMkQyAA==","message_status":"accepted"}]}}
[2026-03-20 06:43:13] WhatsApp OTP sent successfully | {"http_code":200,"resp":{"messaging_product":"whatsapp","contacts":[{"input":"919130831517","wa_id":"919130831517"}],"messages":[{"id":"wamid.HBgMOTE5MTMwODMxNTE3FQIAERgSNkVBMDkyMTY4NjEzMzY4RUY4AA==","message_status":"accepted"}]}}
[2026-03-20 09:22:48] WhatsApp OTP sent successfully | {"http_code":200,"resp":{"messaging_product":"whatsapp","contacts":[{"input":"919130831517","wa_id":"919130831517"}],"messages":[{"id":"wamid.HBgMOTE5MTMwODMxNTE3FQIAERgSQTAxOTdGMkRCQTU0NDdCQTA3AA==","message_status":"accepted"}]}}
[2026-03-20 09:35:39] WhatsApp OTP sent successfully | {"http_code":200,"resp":{"messaging_product":"whatsapp","contacts":[{"input":"919096463943","wa_id":"919096463943"}],"messages":[{"id":"wamid.HBgMOTE5MDk2NDYzOTQzFQIAERgSMDcwODBEQ0JGRTRBM0I5REREAA==","message_status":"accepted"}]}}
[2026-03-20 11:13:17] WhatsApp OTP sent successfully | {"http_code":200,"resp":{"messaging_product":"whatsapp","contacts":[{"input":"919130831517","wa_id":"919130831517"}],"messages":[{"id":"wamid.HBgMOTE5MTMwODMxNTE3FQIAERgSQjQ1MDZBNEY5QjVDMTRFRkY5AA==","message_status":"accepted"}]}}
[2026-03-20 14:21:13] WhatsApp OTP sent successfully | {"http_code":200,"resp":{"messaging_product":"whatsapp","contacts":[{"input":"919130831517","wa_id":"919130831517"}],"messages":[{"id":"wamid.HBgMOTE5MTMwODMxNTE3FQIAERgSODE4REVEN0ZBODY4NEMzRkYyAA==","message_status":"accepted"}]}}
[2026-03-21 04:11:39] WhatsApp OTP sent successfully | {"http_code":200,"resp":{"messaging_product":"whatsapp","contacts":[{"input":"919130831517","wa_id":"919130831517"}],"messages":[{"id":"wamid.HBgMOTE5MTMwODMxNTE3FQIAERgSRTJDODBGNjVEMDY2NTJDQjlCAA==","message_status":"accepted"}]}}
[2026-03-21 05:01:04] WhatsApp OTP sent successfully | {"http_code":200,"resp":{"messaging_product":"whatsapp","contacts":[{"input":"919130831517","wa_id":"919130831517"}],"messages":[{"id":"wamid.HBgMOTE5MTMwODMxNTE3FQIAERgSRTc3QjI1MjE2OTVCMDQ3NTcyAA==","message_status":"accepted"}]}}
[2026-03-21 05:34:11] WhatsApp OTP sent successfully | {"http_code":200,"resp":{"messaging_product":"whatsapp","contacts":[{"input":"919130831517","wa_id":"919130831517"}],"messages":[{"id":"wamid.HBgMOTE5MTMwODMxNTE3FQIAERgSRjZGNEMwOTNGMDU1RUNCRTUzAA==","message_status":"accepted"}]}}
[2026-03-21 06:58:15] WhatsApp OTP sent successfully | {"http_code":200,"resp":{"messaging_product":"whatsapp","contacts":[{"input":"919130831517","wa_id":"919130831517"}],"messages":[{"id":"wamid.HBgMOTE5MTMwODMxNTE3FQIAERgSMjA3RjcwNzJFNkM5MjU1MUVFAA==","message_status":"accepted"}]}}
[2026-03-21 07:28:12] WhatsApp OTP sent successfully | {"http_code":200,"resp":{"messaging_product":"whatsapp","contacts":[{"input":"919130831517","wa_id":"919130831517"}],"messages":[{"id":"wamid.HBgMOTE5MTMwODMxNTE3FQIAERgSNDZGODMwRDM4ODEyMjBFRTRCAA==","message_status":"accepted"}]}}
[2026-03-21 07:39:32] WhatsApp OTP sent successfully | {"http_code":200,"resp":{"messaging_product":"whatsapp","contacts":[{"input":"919130831517","wa_id":"919130831517"}],"messages":[{"id":"wamid.HBgMOTE5MTMwODMxNTE3FQIAERgSQjA3ODNBM0QyNzdENDY1QUQ5AA==","message_status":"accepted"}]}}
[2026-03-21 10:26:53] WhatsApp OTP sent successfully | {"http_code":200,"resp":{"messaging_product":"whatsapp","contacts":[{"input":"919130831517","wa_id":"919130831517"}],"messages":[{"id":"wamid.HBgMOTE5MTMwODMxNTE3FQIAERgSREUzNUQ4QkEyNDk0Nzc2NzQ2AA==","message_status":"accepted"}]}}
[2026-03-21 13:10:15] WhatsApp OTP sent successfully | {"http_code":200,"resp":{"messaging_product":"whatsapp","contacts":[{"input":"919130831517","wa_id":"919130831517"}],"messages":[{"id":"wamid.HBgMOTE5MTMwODMxNTE3FQIAERgSNDc0NUJGNEExN0UyMjQyNDE0AA==","message_status":"accepted"}]}}
[2026-03-22 02:49:18] WhatsApp OTP sent successfully | {"http_code":200,"resp":{"messaging_product":"whatsapp","contacts":[{"input":"919096463943","wa_id":"919096463943"}],"messages":[{"id":"wamid.HBgMOTE5MDk2NDYzOTQzFQIAERgSQzhGNjkyNTRCRTg3RjFFOTk4AA==","message_status":"accepted"}]}}
[2026-03-22 04:50:07] WhatsApp OTP sent successfully | {"http_code":200,"resp":{"messaging_product":"whatsapp","contacts":[{"input":"919130831517","wa_id":"919130831517"}],"messages":[{"id":"wamid.HBgMOTE5MTMwODMxNTE3FQIAERgSMUJBODVFNzU4NEQ4NkM3MzEyAA==","message_status":"accepted"}]}}
[2026-03-22 06:40:28] WhatsApp OTP sent successfully | {"http_code":200,"resp":{"messaging_product":"whatsapp","contacts":[{"input":"919130831517","wa_id":"919130831517"}],"messages":[{"id":"wamid.HBgMOTE5MTMwODMxNTE3FQIAERgSQUUyRkRDN0ZDRjI2MUMxNzIxAA==","message_status":"accepted"}]}}
[2026-03-22 11:00:22] WhatsApp OTP sent successfully | {"http_code":200,"resp":{"messaging_product":"whatsapp","contacts":[{"input":"919130831517","wa_id":"919130831517"}],"messages":[{"id":"wamid.HBgMOTE5MTMwODMxNTE3FQIAERgSQUExNTU0RUYzQzE5OEI2OUVBAA==","message_status":"accepted"}]}}
[2026-03-22 11:09:01] WhatsApp OTP sent successfully | {"http_code":200,"resp":{"messaging_product":"whatsapp","contacts":[{"input":"919130831517","wa_id":"919130831517"}],"messages":[{"id":"wamid.HBgMOTE5MTMwODMxNTE3FQIAERgSRTdCRjA2NUEzOTlGNzU0QkE0AA==","message_status":"accepted"}]}}
[2026-03-22 11:29:54] WhatsApp OTP sent successfully | {"http_code":200,"resp":{"messaging_product":"whatsapp","contacts":[{"input":"919130831517","wa_id":"919130831517"}],"messages":[{"id":"wamid.HBgMOTE5MTMwODMxNTE3FQIAERgSM0NGRjQzQjY3QjNBMjcxMDAxAA==","message_status":"accepted"}]}}
[2026-03-23 04:37:56] WhatsApp OTP sent successfully | {"http_code":200,"resp":{"messaging_product":"whatsapp","contacts":[{"input":"919130831517","wa_id":"919130831517"}],"messages":[{"id":"wamid.HBgMOTE5MTMwODMxNTE3FQIAERgSRjJBNkRFOTdEQjM2M0NFRTMzAA==","message_status":"accepted"}]}}
[2026-03-23 08:32:07] WhatsApp OTP sent successfully | {"http_code":200,"resp":{"messaging_product":"whatsapp","contacts":[{"input":"919096463943","wa_id":"919096463943"}],"messages":[{"id":"wamid.HBgMOTE5MDk2NDYzOTQzFQIAERgSRTQ3OTAxQjJDOTVEQURGNjVDAA==","message_status":"accepted"}]}}
[2026-03-23 09:13:05] WhatsApp OTP sent successfully | {"http_code":200,"resp":{"messaging_product":"whatsapp","contacts":[{"input":"919130831517","wa_id":"919130831517"}],"messages":[{"id":"wamid.HBgMOTE5MTMwODMxNTE3FQIAERgSNzU4NDk5REFBQ0E1RTE5ODI3AA==","message_status":"accepted"}]}}
[2026-03-23 09:30:38] WhatsApp OTP sent successfully | {"http_code":200,"resp":{"messaging_product":"whatsapp","contacts":[{"input":"919130831517","wa_id":"919130831517"}],"messages":[{"id":"wamid.HBgMOTE5MTMwODMxNTE3FQIAERgSRTRGODFFOEI4RUVDQjRGMjI0AA==","message_status":"accepted"}]}}
[2026-03-23 09:35:42] WhatsApp OTP sent successfully | {"http_code":200,"resp":{"messaging_product":"whatsapp","contacts":[{"input":"919130831517","wa_id":"919130831517"}],"messages":[{"id":"wamid.HBgMOTE5MTMwODMxNTE3FQIAERgSMzhBMzhCMTM3OEFFMjdCODE3AA==","message_status":"accepted"}]}}
[2026-03-23 09:41:09] WhatsApp OTP sent successfully | {"http_code":200,"resp":{"messaging_product":"whatsapp","contacts":[{"input":"919130831517","wa_id":"919130831517"}],"messages":[{"id":"wamid.HBgMOTE5MTMwODMxNTE3FQIAERgSRDYzM0Y1RjdGN0ZGNEZDRjgwAA==","message_status":"accepted"}]}}
[2026-03-23 09:54:15] WhatsApp OTP sent successfully | {"http_code":200,"resp":{"messaging_product":"whatsapp","contacts":[{"input":"919130831517","wa_id":"919130831517"}],"messages":[{"id":"wamid.HBgMOTE5MTMwODMxNTE3FQIAERgSN0Y2RjJEM0Q2NDRCODU3RDREAA==","message_status":"accepted"}]}}
[2026-03-23 10:06:44] WhatsApp OTP sent successfully | {"http_code":200,"resp":{"messaging_product":"whatsapp","contacts":[{"input":"919130831517","wa_id":"919130831517"}],"messages":[{"id":"wamid.HBgMOTE5MTMwODMxNTE3FQIAERgSMDVERjUyRTVGNkI2MEM3QkM2AA==","message_status":"accepted"}]}}
[2026-03-23 13:56:55] WhatsApp OTP sent successfully | {"http_code":200,"resp":{"messaging_product":"whatsapp","contacts":[{"input":"919130831517","wa_id":"919130831517"}],"messages":[{"id":"wamid.HBgMOTE5MTMwODMxNTE3FQIAERgSQzYyOEEzQzkzNDdDNDBBOTBDAA==","message_status":"accepted"}]}}
[2026-03-24 05:55:21] WhatsApp OTP sent successfully | {"http_code":200,"resp":{"messaging_product":"whatsapp","contacts":[{"input":"919130831517","wa_id":"919130831517"}],"messages":[{"id":"wamid.HBgMOTE5MTMwODMxNTE3FQIAERgSNUQ5QTg3QkU4MTI5MjBEOEFEAA==","message_status":"accepted"}]}}
[2026-03-25 04:35:07] WhatsApp OTP sent successfully | {"http_code":200,"resp":{"messaging_product":"whatsapp","contacts":[{"input":"919130831517","wa_id":"919130831517"}],"messages":[{"id":"wamid.HBgMOTE5MTMwODMxNTE3FQIAERgSMDVGRjA0RTExQTU0OEIzRjMwAA==","message_status":"accepted"}]}}
[2026-03-25 06:16:11] WhatsApp OTP sent successfully | {"http_code":200,"resp":{"messaging_product":"whatsapp","contacts":[{"input":"919130831517","wa_id":"919130831517"}],"messages":[{"id":"wamid.HBgMOTE5MTMwODMxNTE3FQIAERgSOTQ0RTJEMEI2NjdFQjUyRUUxAA==","message_status":"accepted"}]}}
[2026-03-25 06:46:41] WhatsApp OTP sent successfully | {"http_code":200,"resp":{"messaging_product":"whatsapp","contacts":[{"input":"919130831517","wa_id":"919130831517"}],"messages":[{"id":"wamid.HBgMOTE5MTMwODMxNTE3FQIAERgSRDZBRUIxQ0M2MTMzRUU4QjNGAA==","message_status":"accepted"}]}}
[2026-03-25 07:17:49] WhatsApp OTP sent successfully | {"http_code":200,"resp":{"messaging_product":"whatsapp","contacts":[{"input":"919130831517","wa_id":"919130831517"}],"messages":[{"id":"wamid.HBgMOTE5MTMwODMxNTE3FQIAERgSQkFEMTNBRjhEQUVGN0NBNjUwAA==","message_status":"accepted"}]}}
[2026-03-25 07:22:59] WhatsApp OTP sent successfully | {"http_code":200,"resp":{"messaging_product":"whatsapp","contacts":[{"input":"919130831517","wa_id":"919130831517"}],"messages":[{"id":"wamid.HBgMOTE5MTMwODMxNTE3FQIAERgSMEJFOTNCQkQ0OUU5NTBBNDBFAA==","message_status":"accepted"}]}}
[2026-03-25 09:13:21] WhatsApp OTP sent successfully | {"http_code":200,"resp":{"messaging_product":"whatsapp","contacts":[{"input":"919130831517","wa_id":"919130831517"}],"messages":[{"id":"wamid.HBgMOTE5MTMwODMxNTE3FQIAERgSOTg5N0MzMTUwMzEwRDk2RThBAA==","message_status":"accepted"}]}}
[2026-03-25 09:16:20] WhatsApp OTP sent successfully | {"http_code":200,"resp":{"messaging_product":"whatsapp","contacts":[{"input":"919130831517","wa_id":"919130831517"}],"messages":[{"id":"wamid.HBgMOTE5MTMwODMxNTE3FQIAERgSQkI0QzdCOUY0ODkyN0NCRjg5AA==","message_status":"accepted"}]}}
[2026-03-25 09:19:45] WhatsApp OTP sent successfully | {"http_code":200,"resp":{"messaging_product":"whatsapp","contacts":[{"input":"919130831517","wa_id":"919130831517"}],"messages":[{"id":"wamid.HBgMOTE5MTMwODMxNTE3FQIAERgSQjkyMUNEOEUyM0M4QjE4NDFFAA==","message_status":"accepted"}]}}
[2026-03-25 09:23:33] WhatsApp OTP sent successfully | {"http_code":200,"resp":{"messaging_product":"whatsapp","contacts":[{"input":"919130831517","wa_id":"919130831517"}],"messages":[{"id":"wamid.HBgMOTE5MTMwODMxNTE3FQIAERgSQTg4RDBBREUyMkExNEY3MDQzAA==","message_status":"accepted"}]}}
[2026-03-25 09:27:22] WhatsApp OTP sent successfully | {"http_code":200,"resp":{"messaging_product":"whatsapp","contacts":[{"input":"919130831517","wa_id":"919130831517"}],"messages":[{"id":"wamid.HBgMOTE5MTMwODMxNTE3FQIAERgSQ0Y0QTE1QUNGRkVEMTU2NjBBAA==","message_status":"accepted"}]}}
[2026-03-26 04:48:36] WhatsApp OTP sent successfully | {"http_code":200,"resp":{"messaging_product":"whatsapp","contacts":[{"input":"919130831517","wa_id":"919130831517"}],"messages":[{"id":"wamid.HBgMOTE5MTMwODMxNTE3FQIAERgSNDRGMkI1QjU0MzQyMTk3NTc2AA==","message_status":"accepted"}]}}
[2026-03-26 06:53:24] WhatsApp OTP sent successfully | {"http_code":200,"resp":{"messaging_product":"whatsapp","contacts":[{"input":"919130831517","wa_id":"919130831517"}],"messages":[{"id":"wamid.HBgMOTE5MTMwODMxNTE3FQIAERgSMUU2QUE0RkI1N0NBNkI5N0U1AA==","message_status":"accepted"}]}}
[2026-03-26 06:56:40] WhatsApp OTP sent successfully | {"http_code":200,"resp":{"messaging_product":"whatsapp","contacts":[{"input":"919130831517","wa_id":"919130831517"}],"messages":[{"id":"wamid.HBgMOTE5MTMwODMxNTE3FQIAERgSODYxRUUwREQyNEE1MzA3OUQxAA==","message_status":"accepted"}]}}
[2026-03-26 09:23:21] WhatsApp OTP sent successfully | {"http_code":200,"resp":{"messaging_product":"whatsapp","contacts":[{"input":"919130831517","wa_id":"919130831517"}],"messages":[{"id":"wamid.HBgMOTE5MTMwODMxNTE3FQIAERgSN0VFQ0VGRkE5NjkzM0UxNjYyAA==","message_status":"accepted"}]}}
[2026-03-26 09:50:58] WhatsApp OTP sent successfully | {"http_code":200,"resp":{"messaging_product":"whatsapp","contacts":[{"input":"919130831517","wa_id":"919130831517"}],"messages":[{"id":"wamid.HBgMOTE5MTMwODMxNTE3FQIAERgSRDUxQ0EzQzhDMDUzMURCRUVGAA==","message_status":"accepted"}]}}
[2026-03-26 13:59:45] WhatsApp OTP sent successfully | {"http_code":200,"resp":{"messaging_product":"whatsapp","contacts":[{"input":"919130831517","wa_id":"919130831517"}],"messages":[{"id":"wamid.HBgMOTE5MTMwODMxNTE3FQIAERgSRkI1MkJEMUU1OTFCOTFDQkZCAA==","message_status":"accepted"}]}}
[2026-03-27 05:38:00] WhatsApp OTP sent successfully | {"http_code":200,"resp":{"messaging_product":"whatsapp","contacts":[{"input":"919130831517","wa_id":"919130831517"}],"messages":[{"id":"wamid.HBgMOTE5MTMwODMxNTE3FQIAERgSNzAwN0VFMjNEODk3QUJENTdDAA==","message_status":"accepted"}]}}
[2026-03-27 05:57:37] WhatsApp OTP sent successfully | {"http_code":200,"resp":{"messaging_product":"whatsapp","contacts":[{"input":"919130831517","wa_id":"919130831517"}],"messages":[{"id":"wamid.HBgMOTE5MTMwODMxNTE3FQIAERgSNkNCMUI5MDVCMzFCRkU0M0E1AA==","message_status":"accepted"}]}}
[2026-03-27 06:08:25] WhatsApp OTP sent successfully | {"http_code":200,"resp":{"messaging_product":"whatsapp","contacts":[{"input":"919130831517","wa_id":"919130831517"}],"messages":[{"id":"wamid.HBgMOTE5MTMwODMxNTE3FQIAERgSODlERjM4RUE5ODNERUI2Njc2AA==","message_status":"accepted"}]}}
[2026-03-27 06:19:49] WhatsApp OTP sent successfully | {"http_code":200,"resp":{"messaging_product":"whatsapp","contacts":[{"input":"919130831517","wa_id":"919130831517"}],"messages":[{"id":"wamid.HBgMOTE5MTMwODMxNTE3FQIAERgSMDQxMkUzRDczMDQ4N0M4MTFBAA==","message_status":"accepted"}]}}
[2026-03-27 09:36:22] WhatsApp OTP sent successfully | {"http_code":200,"resp":{"messaging_product":"whatsapp","contacts":[{"input":"919130831517","wa_id":"919130831517"}],"messages":[{"id":"wamid.HBgMOTE5MTMwODMxNTE3FQIAERgSNTVGMDI0MkY0MTg2MTg2REEwAA==","message_status":"accepted"}]}}
[2026-03-27 17:03:29] WhatsApp OTP sent successfully | {"http_code":200,"resp":{"messaging_product":"whatsapp","contacts":[{"input":"919096463943","wa_id":"919096463943"}],"messages":[{"id":"wamid.HBgMOTE5MDk2NDYzOTQzFQIAERgSNjA1N0ZEMTYzREEzM0NBRDA0AA==","message_status":"accepted"}]}}
[2026-03-28 00:35:35] WhatsApp OTP sent successfully | {"http_code":200,"resp":{"messaging_product":"whatsapp","contacts":[{"input":"919096463943","wa_id":"919096463943"}],"messages":[{"id":"wamid.HBgMOTE5MDk2NDYzOTQzFQIAERgSMTdCNEFDMEI5MTRERENFREE2AA==","message_status":"accepted"}]}}
[2026-03-28 01:00:18] WhatsApp OTP sent successfully | {"http_code":200,"resp":{"messaging_product":"whatsapp","contacts":[{"input":"919096463943","wa_id":"919096463943"}],"messages":[{"id":"wamid.HBgMOTE5MDk2NDYzOTQzFQIAERgSRTYyRDlFOUYxRjVCN0M5ODQwAA==","message_status":"accepted"}]}}
[2026-03-28 01:14:53] WhatsApp OTP sent successfully | {"http_code":200,"resp":{"messaging_product":"whatsapp","contacts":[{"input":"919096463943","wa_id":"919096463943"}],"messages":[{"id":"wamid.HBgMOTE5MDk2NDYzOTQzFQIAERgSODE4QzQyMTJENDFCMjk4OEQ0AA==","message_status":"accepted"}]}}
[2026-03-28 01:52:00] WhatsApp OTP sent successfully | {"http_code":200,"resp":{"messaging_product":"whatsapp","contacts":[{"input":"919096463943","wa_id":"919096463943"}],"messages":[{"id":"wamid.HBgMOTE5MDk2NDYzOTQzFQIAERgSNDNGNjJBNzQyRkY4NjJBMjJDAA==","message_status":"accepted"}]}}
[2026-03-28 04:05:21] WhatsApp OTP sent successfully | {"http_code":200,"resp":{"messaging_product":"whatsapp","contacts":[{"input":"919096463943","wa_id":"919096463943"}],"messages":[{"id":"wamid.HBgMOTE5MDk2NDYzOTQzFQIAERgSMzQyQ0I0RDBFRkZCNDQ1QTUzAA==","message_status":"accepted"}]}}
[2026-03-28 05:47:52] WhatsApp OTP sent successfully | {"http_code":200,"resp":{"messaging_product":"whatsapp","contacts":[{"input":"919130831517","wa_id":"919130831517"}],"messages":[{"id":"wamid.HBgMOTE5MTMwODMxNTE3FQIAERgSMjdDNDY1QjA0RkQ5REMxMjdEAA==","message_status":"accepted"}]}}
[2026-03-28 06:34:26] WhatsApp OTP sent successfully | {"http_code":200,"resp":{"messaging_product":"whatsapp","contacts":[{"input":"919130831517","wa_id":"919130831517"}],"messages":[{"id":"wamid.HBgMOTE5MTMwODMxNTE3FQIAERgSN0ZGQzA1NjhCM0M4RUVERDIyAA==","message_status":"accepted"}]}}
[2026-03-28 06:51:30] WhatsApp OTP sent successfully | {"http_code":200,"resp":{"messaging_product":"whatsapp","contacts":[{"input":"919130831517","wa_id":"919130831517"}],"messages":[{"id":"wamid.HBgMOTE5MTMwODMxNTE3FQIAERgSQUNBQUE4NTVBOEE3RUY4RjUxAA==","message_status":"accepted"}]}}
[2026-03-28 07:58:17] WhatsApp OTP sent successfully | {"http_code":200,"resp":{"messaging_product":"whatsapp","contacts":[{"input":"919130831517","wa_id":"919130831517"}],"messages":[{"id":"wamid.HBgMOTE5MTMwODMxNTE3FQIAERgSQTI4RkM0MjY3RDY3QkFGQzM4AA==","message_status":"accepted"}]}}
[2026-03-28 08:07:26] WhatsApp OTP sent successfully | {"http_code":200,"resp":{"messaging_product":"whatsapp","contacts":[{"input":"919130831517","wa_id":"919130831517"}],"messages":[{"id":"wamid.HBgMOTE5MTMwODMxNTE3FQIAERgSMjc3QzlBODM1NTAzMjQ4OTYyAA==","message_status":"accepted"}]}}
[2026-03-28 09:48:59] WhatsApp OTP sent successfully | {"http_code":200,"resp":{"messaging_product":"whatsapp","contacts":[{"input":"919130831517","wa_id":"919130831517"}],"messages":[{"id":"wamid.HBgMOTE5MTMwODMxNTE3FQIAERgSMTBDNkEzNUY3MjcyOUQzNUZDAA==","message_status":"accepted"}]}}
[2026-03-28 09:50:09] WhatsApp OTP sent successfully | {"http_code":200,"resp":{"messaging_product":"whatsapp","contacts":[{"input":"919130831517","wa_id":"919130831517"}],"messages":[{"id":"wamid.HBgMOTE5MTMwODMxNTE3FQIAERgSN0VFMjY3NTBBMDJGMjg0Rjg3AA==","message_status":"accepted"}]}}
[2026-03-28 11:31:59] WhatsApp OTP sent successfully | {"http_code":200,"resp":{"messaging_product":"whatsapp","contacts":[{"input":"919130831517","wa_id":"919130831517"}],"messages":[{"id":"wamid.HBgMOTE5MTMwODMxNTE3FQIAERgSMTcyMEFCMjgyQUJDNkQ5OEM1AA==","message_status":"accepted"}]}}
[2026-03-29 05:10:00] WhatsApp OTP sent successfully | {"http_code":200,"resp":{"messaging_product":"whatsapp","contacts":[{"input":"919130831517","wa_id":"919130831517"}],"messages":[{"id":"wamid.HBgMOTE5MTMwODMxNTE3FQIAERgSODc1OTBENkE4NDEyQUQ3NTAxAA==","message_status":"accepted"}]}}
[2026-03-29 05:22:51] WhatsApp OTP sent successfully | {"http_code":200,"resp":{"messaging_product":"whatsapp","contacts":[{"input":"919130831517","wa_id":"919130831517"}],"messages":[{"id":"wamid.HBgMOTE5MTMwODMxNTE3FQIAERgSODdFNjgzREVCNkEwOUUxOTlEAA==","message_status":"accepted"}]}}
[2026-03-29 09:22:14] WhatsApp OTP sent successfully | {"http_code":200,"resp":{"messaging_product":"whatsapp","contacts":[{"input":"919130831517","wa_id":"919130831517"}],"messages":[{"id":"wamid.HBgMOTE5MTMwODMxNTE3FQIAERgSMTJFQkJFNkM1NjlBNkVENDFBAA==","message_status":"accepted"}]}}
[2026-03-29 09:23:00] WhatsApp OTP sent successfully | {"http_code":200,"resp":{"messaging_product":"whatsapp","contacts":[{"input":"919130831517","wa_id":"919130831517"}],"messages":[{"id":"wamid.HBgMOTE5MTMwODMxNTE3FQIAERgSQkM2OTRDQzA4QzhFMjNFRUYyAA==","message_status":"accepted"}]}}
[2026-03-29 09:33:59] WhatsApp OTP sent successfully | {"http_code":200,"resp":{"messaging_product":"whatsapp","contacts":[{"input":"919130831517","wa_id":"919130831517"}],"messages":[{"id":"wamid.HBgMOTE5MTMwODMxNTE3FQIAERgSODk2Nzc3NDk1OUY1NkUxMzg5AA==","message_status":"accepted"}]}}
[2026-03-29 09:34:25] WhatsApp OTP sent successfully | {"http_code":200,"resp":{"messaging_product":"whatsapp","contacts":[{"input":"919130831517","wa_id":"919130831517"}],"messages":[{"id":"wamid.HBgMOTE5MTMwODMxNTE3FQIAERgSNTcxNzNBOTBGMDM4RTlBMjlEAA==","message_status":"accepted"}]}}
[2026-03-29 11:05:30] WhatsApp OTP sent successfully | {"http_code":200,"resp":{"messaging_product":"whatsapp","contacts":[{"input":"919130831517","wa_id":"919130831517"}],"messages":[{"id":"wamid.HBgMOTE5MTMwODMxNTE3FQIAERgSODM4MzJFREFBQjlGNTk2Q0VCAA==","message_status":"accepted"}]}}
[2026-03-29 11:05:36] WhatsApp OTP sent successfully | {"http_code":200,"resp":{"messaging_product":"whatsapp","contacts":[{"input":"919130831517","wa_id":"919130831517"}],"messages":[{"id":"wamid.HBgMOTE5MTMwODMxNTE3FQIAERgSN0NBNERDOEUwRUYwODVDNzFGAA==","message_status":"accepted"}]}}
[2026-03-29 13:20:53] WhatsApp OTP sent successfully | {"http_code":200,"resp":{"messaging_product":"whatsapp","contacts":[{"input":"919130831517","wa_id":"919130831517"}],"messages":[{"id":"wamid.HBgMOTE5MTMwODMxNTE3FQIAERgSQkJBMzM5OTMwRjcyQTVFNTQyAA==","message_status":"accepted"}]}}
[2026-03-29 15:32:37] WhatsApp OTP sent successfully | {"http_code":200,"resp":{"messaging_product":"whatsapp","contacts":[{"input":"919130831517","wa_id":"919130831517"}],"messages":[{"id":"wamid.HBgMOTE5MTMwODMxNTE3FQIAERgSREUyOEY1RUQ4NzU0M0QzMjM4AA==","message_status":"accepted"}]}}
[2026-03-29 16:13:16] WhatsApp OTP sent successfully | {"http_code":200,"resp":{"messaging_product":"whatsapp","contacts":[{"input":"919130831517","wa_id":"919130831517"}],"messages":[{"id":"wamid.HBgMOTE5MTMwODMxNTE3FQIAERgUQ0FGNTJGOEQxRjIwQTg4QzBEMzUA","message_status":"accepted"}]}}
[2026-03-30 04:19:41] WhatsApp OTP sent successfully | {"http_code":200,"resp":{"messaging_product":"whatsapp","contacts":[{"input":"919130831517","wa_id":"919130831517"}],"messages":[{"id":"wamid.HBgMOTE5MTMwODMxNTE3FQIAERgSOEMzNkMyNDFGOTE2MTQ2NzU0AA==","message_status":"accepted"}]}}
[2026-03-30 04:32:37] WhatsApp OTP sent successfully | {"http_code":200,"resp":{"messaging_product":"whatsapp","contacts":[{"input":"919130831517","wa_id":"919130831517"}],"messages":[{"id":"wamid.HBgMOTE5MTMwODMxNTE3FQIAERgSRkQ3OTUxQUFEQTQ2ODVCRkMyAA==","message_status":"accepted"}]}}
[2026-03-30 04:33:31] WhatsApp OTP sent successfully | {"http_code":200,"resp":{"messaging_product":"whatsapp","contacts":[{"input":"919130831517","wa_id":"919130831517"}],"messages":[{"id":"wamid.HBgMOTE5MTMwODMxNTE3FQIAERgSNzM4M0JGMjdDRUYyNThBNUY0AA==","message_status":"accepted"}]}}
[2026-03-30 06:01:50] WhatsApp OTP sent successfully | {"http_code":200,"resp":{"messaging_product":"whatsapp","contacts":[{"input":"919130831517","wa_id":"919130831517"}],"messages":[{"id":"wamid.HBgMOTE5MTMwODMxNTE3FQIAERgSQTg1MzczOTExRjRBRTUzREQ1AA==","message_status":"accepted"}]}}
[2026-03-30 07:39:29] WhatsApp OTP sent successfully | {"http_code":200,"resp":{"messaging_product":"whatsapp","contacts":[{"input":"919130831517","wa_id":"919130831517"}],"messages":[{"id":"wamid.HBgMOTE5MTMwODMxNTE3FQIAERgSNzNFRTIwMzRGRDE5RDdFRkY3AA==","message_status":"accepted"}]}}
[2026-03-30 09:16:23] WhatsApp OTP sent successfully | {"http_code":200,"resp":{"messaging_product":"whatsapp","contacts":[{"input":"919096463943","wa_id":"919096463943"}],"messages":[{"id":"wamid.HBgMOTE5MDk2NDYzOTQzFQIAERgSNEZDOTRDMTcyNUIwM0ExNDI3AA==","message_status":"accepted"}]}}
[2026-03-30 12:38:49] WhatsApp OTP sent successfully | {"http_code":200,"resp":{"messaging_product":"whatsapp","contacts":[{"input":"919130831517","wa_id":"919130831517"}],"messages":[{"id":"wamid.HBgMOTE5MTMwODMxNTE3FQIAERgSNTNFNjBGOTA4MUIzQ0NBRDBBAA==","message_status":"accepted"}]}}
[2026-03-30 14:03:29] WhatsApp OTP sent successfully | {"http_code":200,"resp":{"messaging_product":"whatsapp","contacts":[{"input":"919130831517","wa_id":"919130831517"}],"messages":[{"id":"wamid.HBgMOTE5MTMwODMxNTE3FQIAERgSOUQzRkY0QkIyNUFBMzJDNTFDAA==","message_status":"accepted"}]}}
[2026-03-30 14:05:36] WhatsApp OTP sent successfully | {"http_code":200,"resp":{"messaging_product":"whatsapp","contacts":[{"input":"919130831517","wa_id":"919130831517"}],"messages":[{"id":"wamid.HBgMOTE5MTMwODMxNTE3FQIAERgSMkE0RkVFOUYwOEJCNjE2QzVCAA==","message_status":"accepted"}]}}
[2026-03-30 14:49:34] WhatsApp OTP sent successfully | {"http_code":200,"resp":{"messaging_product":"whatsapp","contacts":[{"input":"919130831517","wa_id":"919130831517"}],"messages":[{"id":"wamid.HBgMOTE5MTMwODMxNTE3FQIAERgSOURGRTQ0QTA2MjJCRjJBNEJEAA==","message_status":"accepted"}]}}
[2026-03-31 04:05:47] WhatsApp OTP sent successfully | {"http_code":200,"resp":{"messaging_product":"whatsapp","contacts":[{"input":"919130831517","wa_id":"919130831517"}],"messages":[{"id":"wamid.HBgMOTE5MTMwODMxNTE3FQIAERgSMkQwMTBGRjkwQ0E0MTY3QjdEAA==","message_status":"accepted"}]}}
[2026-03-31 04:06:17] WhatsApp OTP sent successfully | {"http_code":200,"resp":{"messaging_product":"whatsapp","contacts":[{"input":"919130831517","wa_id":"919130831517"}],"messages":[{"id":"wamid.HBgMOTE5MTMwODMxNTE3FQIAERgSMzBBN0ZGOEU0QTIyOUVENjA0AA==","message_status":"accepted"}]}}
[2026-03-31 04:08:46] WhatsApp OTP sent successfully | {"http_code":200,"resp":{"messaging_product":"whatsapp","contacts":[{"input":"919130831517","wa_id":"919130831517"}],"messages":[{"id":"wamid.HBgMOTE5MTMwODMxNTE3FQIAERgSQ0ZGODMxNkFBNkUwRkNDM0RFAA==","message_status":"accepted"}]}}
[2026-03-31 04:21:46] WhatsApp OTP sent successfully | {"http_code":200,"resp":{"messaging_product":"whatsapp","contacts":[{"input":"919130831517","wa_id":"919130831517"}],"messages":[{"id":"wamid.HBgMOTE5MTMwODMxNTE3FQIAERgSMzJENEE4MkRGQjc4MzlBQTU5AA==","message_status":"accepted"}]}}
[2026-03-31 05:32:13] CURL error while sending WhatsApp OTP | {"error":"getaddrinfo() thread failed to start"}
[2026-03-31 05:45:32] WhatsApp OTP sent successfully | {"http_code":200,"resp":{"messaging_product":"whatsapp","contacts":[{"input":"919130831517","wa_id":"919130831517"}],"messages":[{"id":"wamid.HBgMOTE5MTMwODMxNTE3FQIAERgSODU0NDE0NkI5QzhDOENBNTc2AA==","message_status":"accepted"}]}}
[2026-03-31 07:00:50] WhatsApp OTP sent successfully | {"http_code":200,"resp":{"messaging_product":"whatsapp","contacts":[{"input":"919130831517","wa_id":"919130831517"}],"messages":[{"id":"wamid.HBgMOTE5MTMwODMxNTE3FQIAERgSN0I3RUIzOTFBQTBCNEM1QUVBAA==","message_status":"accepted"}]}}
[2026-03-31 07:14:27] WhatsApp OTP sent successfully | {"http_code":200,"resp":{"messaging_product":"whatsapp","contacts":[{"input":"919096463943","wa_id":"919096463943"}],"messages":[{"id":"wamid.HBgMOTE5MDk2NDYzOTQzFQIAERgSN0RGRjlEMzMzQjNFRjkxRkVDAA==","message_status":"accepted"}]}}
[2026-03-31 07:14:53] WhatsApp OTP sent successfully | {"http_code":200,"resp":{"messaging_product":"whatsapp","contacts":[{"input":"919096463943","wa_id":"919096463943"}],"messages":[{"id":"wamid.HBgMOTE5MDk2NDYzOTQzFQIAERgSQzQwM0MxODcxRkREODc1NjVGAA==","message_status":"accepted"}]}}
[2026-03-31 10:39:44] WhatsApp OTP sent successfully | {"http_code":200,"resp":{"messaging_product":"whatsapp","contacts":[{"input":"919130831517","wa_id":"919130831517"}],"messages":[{"id":"wamid.HBgMOTE5MTMwODMxNTE3FQIAERgSRTc4NTRBQ0Q5Nzg0QjY3NDRCAA==","message_status":"accepted"}]}}
[2026-03-31 13:25:23] WhatsApp OTP sent successfully | {"http_code":200,"resp":{"messaging_product":"whatsapp","contacts":[{"input":"919130831517","wa_id":"919130831517"}],"messages":[{"id":"wamid.HBgMOTE5MTMwODMxNTE3FQIAERgSM0MzQzEyNUUyNzRDMENGODFEAA==","message_status":"accepted"}]}}
[2026-03-31 13:29:25] WhatsApp OTP sent successfully | {"http_code":200,"resp":{"messaging_product":"whatsapp","contacts":[{"input":"919130831517","wa_id":"919130831517"}],"messages":[{"id":"wamid.HBgMOTE5MTMwODMxNTE3FQIAERgSRDE1QkY2OTA1NzJBQzE4MTYyAA==","message_status":"accepted"}]}}
[2026-03-31 15:02:44] WhatsApp OTP sent successfully | {"http_code":200,"resp":{"messaging_product":"whatsapp","contacts":[{"input":"919130831517","wa_id":"919130831517"}],"messages":[{"id":"wamid.HBgMOTE5MTMwODMxNTE3FQIAERgSNURERTJBQzJBRTAxRkZGRDQ3AA==","message_status":"accepted"}]}}
[2026-03-31 16:13:51] WhatsApp OTP sent successfully | {"http_code":200,"resp":{"messaging_product":"whatsapp","contacts":[{"input":"919096463943","wa_id":"919096463943"}],"messages":[{"id":"wamid.HBgMOTE5MDk2NDYzOTQzFQIAERgUQ0E0ODExRDhBNTc5M0RGMkUxRDQA","message_status":"accepted"}]}}
[2026-03-31 16:23:36] WhatsApp OTP sent successfully | {"http_code":200,"resp":{"messaging_product":"whatsapp","contacts":[{"input":"919130831517","wa_id":"919130831517"}],"messages":[{"id":"wamid.HBgMOTE5MTMwODMxNTE3FQIAERgUQ0E3QTcxNDJBRDBFMUI2Q0I0RTEA","message_status":"accepted"}]}}
[2026-04-01 03:13:21] WhatsApp OTP sent successfully | {"http_code":200,"resp":{"messaging_product":"whatsapp","contacts":[{"input":"919130831517","wa_id":"919130831517"}],"messages":[{"id":"wamid.HBgMOTE5MTMwODMxNTE3FQIAERgSRDU1QkZFMUQ3NTRBMzI1NDc3AA==","message_status":"accepted"}]}}
[2026-04-01 04:23:08] WhatsApp OTP sent successfully | {"http_code":200,"resp":{"messaging_product":"whatsapp","contacts":[{"input":"919130831517","wa_id":"919130831517"}],"messages":[{"id":"wamid.HBgMOTE5MTMwODMxNTE3FQIAERgSNjIwN0I4RTQ0QkU5NEY4QzA3AA==","message_status":"accepted"}]}}
[2026-04-01 08:46:12] WhatsApp OTP sent successfully | {"http_code":200,"resp":{"messaging_product":"whatsapp","contacts":[{"input":"919130831517","wa_id":"919130831517"}],"messages":[{"id":"wamid.HBgMOTE5MTMwODMxNTE3FQIAERgSMEQxMkU2RTQ5RjVCNjVCNTJBAA==","message_status":"accepted"}]}}
[2026-04-01 08:51:36] WhatsApp OTP sent successfully | {"http_code":200,"resp":{"messaging_product":"whatsapp","contacts":[{"input":"919130831517","wa_id":"919130831517"}],"messages":[{"id":"wamid.HBgMOTE5MTMwODMxNTE3FQIAERgSNDRBNjczQTdBREQ2NzFFMEMwAA==","message_status":"accepted"}]}}
[2026-04-01 09:25:20] WhatsApp OTP sent successfully | {"http_code":200,"resp":{"messaging_product":"whatsapp","contacts":[{"input":"919130831517","wa_id":"919130831517"}],"messages":[{"id":"wamid.HBgMOTE5MTMwODMxNTE3FQIAERgSREI2NTA4Mzk1Qjc1QTgzOEFFAA==","message_status":"accepted"}]}}
[2026-04-01 09:25:48] WhatsApp OTP sent successfully | {"http_code":200,"resp":{"messaging_product":"whatsapp","contacts":[{"input":"919130831517","wa_id":"919130831517"}],"messages":[{"id":"wamid.HBgMOTE5MTMwODMxNTE3FQIAERgSQzI3RkExODFGNTk0MjNBQTlFAA==","message_status":"accepted"}]}}
[2026-04-01 13:09:04] WhatsApp OTP sent successfully | {"http_code":200,"resp":{"messaging_product":"whatsapp","contacts":[{"input":"919130831517","wa_id":"919130831517"}],"messages":[{"id":"wamid.HBgMOTE5MTMwODMxNTE3FQIAERgSRDg2MzYwNDZFRTJDN0E1QUQwAA==","message_status":"accepted"}]}}
[2026-04-02 03:38:34] WhatsApp OTP sent successfully | {"http_code":200,"resp":{"messaging_product":"whatsapp","contacts":[{"input":"919130831517","wa_id":"919130831517"}],"messages":[{"id":"wamid.HBgMOTE5MTMwODMxNTE3FQIAERgSRDhEQTk1MDQxQzYxNEE2REMxAA==","message_status":"accepted"}]}}
[2026-04-02 03:49:48] WhatsApp OTP sent successfully | {"http_code":200,"resp":{"messaging_product":"whatsapp","contacts":[{"input":"919130831517","wa_id":"919130831517"}],"messages":[{"id":"wamid.HBgMOTE5MTMwODMxNTE3FQIAERgSMENGNURCQkFEQjk0RUEzNkY3AA==","message_status":"accepted"}]}}
[2026-04-02 04:42:31] WhatsApp OTP sent successfully | {"http_code":200,"resp":{"messaging_product":"whatsapp","contacts":[{"input":"919130831517","wa_id":"919130831517"}],"messages":[{"id":"wamid.HBgMOTE5MTMwODMxNTE3FQIAERgSRjc3OUFDMTAyOUYyNDRENTdFAA==","message_status":"accepted"}]}}
[2026-04-02 12:53:13] WhatsApp OTP sent successfully | {"http_code":200,"resp":{"messaging_product":"whatsapp","contacts":[{"input":"919130831517","wa_id":"919130831517"}],"messages":[{"id":"wamid.HBgMOTE5MTMwODMxNTE3FQIAERgSODMxMTgzN0YyOTg5MjExOTc2AA==","message_status":"accepted"}]}}
[2026-04-02 14:00:06] WhatsApp OTP sent successfully | {"http_code":200,"resp":{"messaging_product":"whatsapp","contacts":[{"input":"919130831517","wa_id":"919130831517"}],"messages":[{"id":"wamid.HBgMOTE5MTMwODMxNTE3FQIAERgSQzBCMkU5OTczRjAxODY3MkE1AA==","message_status":"accepted"}]}}
[2026-04-02 15:46:08] WhatsApp OTP sent successfully | {"http_code":200,"resp":{"messaging_product":"whatsapp","contacts":[{"input":"919130831517","wa_id":"919130831517"}],"messages":[{"id":"wamid.HBgMOTE5MTMwODMxNTE3FQIAERgSQjQ2MDJEQTAyNEY2MUIxMUVBAA==","message_status":"accepted"}]}}
[2026-04-02 15:53:20] WhatsApp OTP sent successfully | {"http_code":200,"resp":{"messaging_product":"whatsapp","contacts":[{"input":"919130831517","wa_id":"919130831517"}],"messages":[{"id":"wamid.HBgMOTE5MTMwODMxNTE3FQIAERgSMzFCMjBCOURDNkQzRDA0MENDAA==","message_status":"accepted"}]}}
[2026-04-02 15:59:02] WhatsApp OTP sent successfully | {"http_code":200,"resp":{"messaging_product":"whatsapp","contacts":[{"input":"919130831517","wa_id":"919130831517"}],"messages":[{"id":"wamid.HBgMOTE5MTMwODMxNTE3FQIAERgSODA4M0RBMTIwNjZDREFCNjVGAA==","message_status":"accepted"}]}}
[2026-04-03 04:27:28] WhatsApp OTP sent successfully | {"http_code":200,"resp":{"messaging_product":"whatsapp","contacts":[{"input":"919130831517","wa_id":"919130831517"}],"messages":[{"id":"wamid.HBgMOTE5MTMwODMxNTE3FQIAERgSNzNCMTE0RDZDNkE4MkVDQUU5AA==","message_status":"accepted"}]}}
[2026-04-03 05:41:56] WhatsApp OTP sent successfully | {"http_code":200,"resp":{"messaging_product":"whatsapp","contacts":[{"input":"919130831517","wa_id":"919130831517"}],"messages":[{"id":"wamid.HBgMOTE5MTMwODMxNTE3FQIAERgSMDI5MUExNjRGODkyQjc1QTU1AA==","message_status":"accepted"}]}}
[2026-04-03 05:57:04] WhatsApp OTP sent successfully | {"http_code":200,"resp":{"messaging_product":"whatsapp","contacts":[{"input":"919130831517","wa_id":"919130831517"}],"messages":[{"id":"wamid.HBgMOTE5MTMwODMxNTE3FQIAERgSM0RERTA4QUVFMjY4OTcyRUY0AA==","message_status":"accepted"}]}}
[2026-04-03 08:26:33] WhatsApp OTP sent successfully | {"http_code":200,"resp":{"messaging_product":"whatsapp","contacts":[{"input":"919130831517","wa_id":"919130831517"}],"messages":[{"id":"wamid.HBgMOTE5MTMwODMxNTE3FQIAERgSNzQzQUY2RUFBNkUzQzIzNDQ1AA==","message_status":"accepted"}]}}
[2026-04-03 09:04:59] WhatsApp OTP sent successfully | {"http_code":200,"resp":{"messaging_product":"whatsapp","contacts":[{"input":"919130831517","wa_id":"919130831517"}],"messages":[{"id":"wamid.HBgMOTE5MTMwODMxNTE3FQIAERgSMDVGNkE4QTAyQjdGMEEzMTE3AA==","message_status":"accepted"}]}}
[2026-04-03 09:28:59] WhatsApp OTP sent successfully | {"http_code":200,"resp":{"messaging_product":"whatsapp","contacts":[{"input":"919130831517","wa_id":"919130831517"}],"messages":[{"id":"wamid.HBgMOTE5MTMwODMxNTE3FQIAERgSMzgwMUMzQ0ZCOUE3ODdGMEY1AA==","message_status":"accepted"}]}}
[2026-04-03 09:30:33] WhatsApp OTP sent successfully | {"http_code":200,"resp":{"messaging_product":"whatsapp","contacts":[{"input":"919130831517","wa_id":"919130831517"}],"messages":[{"id":"wamid.HBgMOTE5MTMwODMxNTE3FQIAERgSOUI3ODEyRjBDNzRDNjRFMUEzAA==","message_status":"accepted"}]}}
[2026-04-03 13:18:54] WhatsApp OTP sent successfully | {"http_code":200,"resp":{"messaging_product":"whatsapp","contacts":[{"input":"919130831517","wa_id":"919130831517"}],"messages":[{"id":"wamid.HBgMOTE5MTMwODMxNTE3FQIAERgSQzZENUY2RTE1Q0IyM0YzNjg4AA==","message_status":"accepted"}]}}
[2026-04-03 13:22:28] WhatsApp OTP sent successfully | {"http_code":200,"resp":{"messaging_product":"whatsapp","contacts":[{"input":"919130831517","wa_id":"919130831517"}],"messages":[{"id":"wamid.HBgMOTE5MTMwODMxNTE3FQIAERgSOUUxNzY5MUJEMkJDRDc2RDRFAA==","message_status":"accepted"}]}}
[2026-04-03 14:11:45] WhatsApp OTP sent successfully | {"http_code":200,"resp":{"messaging_product":"whatsapp","contacts":[{"input":"919130831517","wa_id":"919130831517"}],"messages":[{"id":"wamid.HBgMOTE5MTMwODMxNTE3FQIAERgSMkQ5NTYyQ0QxREYwNDBCQzEyAA==","message_status":"accepted"}]}}
[2026-04-03 14:57:53] WhatsApp OTP sent successfully | {"http_code":200,"resp":{"messaging_product":"whatsapp","contacts":[{"input":"919130831517","wa_id":"919130831517"}],"messages":[{"id":"wamid.HBgMOTE5MTMwODMxNTE3FQIAERgSNDAyRjk3RDYxMkM1OUQxQzc4AA==","message_status":"accepted"}]}}
[2026-04-03 15:04:18] WhatsApp OTP sent successfully | {"http_code":200,"resp":{"messaging_product":"whatsapp","contacts":[{"input":"919130831517","wa_id":"919130831517"}],"messages":[{"id":"wamid.HBgMOTE5MTMwODMxNTE3FQIAERgSQjgzNzlBMUU1N0Y4MzdCMEY4AA==","message_status":"accepted"}]}}
[2026-04-03 16:12:36] WhatsApp OTP sent successfully | {"http_code":200,"resp":{"messaging_product":"whatsapp","contacts":[{"input":"919130831517","wa_id":"919130831517"}],"messages":[{"id":"wamid.HBgMOTE5MTMwODMxNTE3FQIAERgSMDE5QzA3QkQ1MTEyNzlEN0E0AA==","message_status":"accepted"}]}}
[2026-04-04 04:56:54] WhatsApp OTP sent successfully | {"http_code":200,"resp":{"messaging_product":"whatsapp","contacts":[{"input":"919130831517","wa_id":"919130831517"}],"messages":[{"id":"wamid.HBgMOTE5MTMwODMxNTE3FQIAERgSRUFCNURGREQ5MTIwODQ5NzJDAA==","message_status":"accepted"}]}}
[2026-04-04 08:36:37] WhatsApp OTP sent successfully | {"http_code":200,"resp":{"messaging_product":"whatsapp","contacts":[{"input":"919130831517","wa_id":"919130831517"}],"messages":[{"id":"wamid.HBgMOTE5MTMwODMxNTE3FQIAERgSNzdGOEQ5REVEMjIzMzcyRjZEAA==","message_status":"accepted"}]}}
[2026-04-04 13:46:19] WhatsApp OTP sent successfully | {"http_code":200,"resp":{"messaging_product":"whatsapp","contacts":[{"input":"919096463943","wa_id":"919096463943"}],"messages":[{"id":"wamid.HBgMOTE5MDk2NDYzOTQzFQIAERgSQjcyODY3RjJBQzRDREQ1QkE3AA==","message_status":"accepted"}]}}
[2026-04-04 15:00:50] WhatsApp OTP sent successfully | {"http_code":200,"resp":{"messaging_product":"whatsapp","contacts":[{"input":"919096463943","wa_id":"919096463943"}],"messages":[{"id":"wamid.HBgMOTE5MDk2NDYzOTQzFQIAERgSNTI4NDk3REM5RDlDMTQyMEY5AA==","message_status":"accepted"}]}}
[2026-04-05 01:56:16] WhatsApp OTP sent successfully | {"http_code":200,"resp":{"messaging_product":"whatsapp","contacts":[{"input":"919130831517","wa_id":"919130831517"}],"messages":[{"id":"wamid.HBgMOTE5MTMwODMxNTE3FQIAERgSMjJEOTc4MTdGM0JGNTQ5QkY0AA==","message_status":"accepted"}]}}
[2026-04-05 02:59:45] WhatsApp OTP sent successfully | {"http_code":200,"resp":{"messaging_product":"whatsapp","contacts":[{"input":"919130831517","wa_id":"919130831517"}],"messages":[{"id":"wamid.HBgMOTE5MTMwODMxNTE3FQIAERgSMjk4QUM0Q0I1MTIxQkY4REMzAA==","message_status":"accepted"}]}}
[2026-04-05 03:07:39] WhatsApp OTP sent successfully | {"http_code":200,"resp":{"messaging_product":"whatsapp","contacts":[{"input":"919130831517","wa_id":"919130831517"}],"messages":[{"id":"wamid.HBgMOTE5MTMwODMxNTE3FQIAERgSQjFBQ0VGRUMyMURCNzJBN0E4AA==","message_status":"accepted"}]}}
[2026-04-05 03:46:05] WhatsApp OTP sent successfully | {"http_code":200,"resp":{"messaging_product":"whatsapp","contacts":[{"input":"919130831517","wa_id":"919130831517"}],"messages":[{"id":"wamid.HBgMOTE5MTMwODMxNTE3FQIAERgSRTJGRDNEQkFCMUVFNzA3NkIxAA==","message_status":"accepted"}]}}
[2026-04-05 05:47:03] WhatsApp OTP sent successfully | {"http_code":200,"resp":{"messaging_product":"whatsapp","contacts":[{"input":"919096463943","wa_id":"919096463943"}],"messages":[{"id":"wamid.HBgMOTE5MDk2NDYzOTQzFQIAERgSRkNGN0E4QjQ3NDRGMjM2RTFBAA==","message_status":"accepted"}]}}
[2026-04-05 05:54:39] WhatsApp OTP sent successfully | {"http_code":200,"resp":{"messaging_product":"whatsapp","contacts":[{"input":"919130831517","wa_id":"919130831517"}],"messages":[{"id":"wamid.HBgMOTE5MTMwODMxNTE3FQIAERgSMjREQjVGQUVCOUU4RDA2NzY2AA==","message_status":"accepted"}]}}
[2026-04-05 09:44:10] WhatsApp OTP sent successfully | {"http_code":200,"resp":{"messaging_product":"whatsapp","contacts":[{"input":"919130831517","wa_id":"919130831517"}],"messages":[{"id":"wamid.HBgMOTE5MTMwODMxNTE3FQIAERgSNkI1NkVFMzU5NjNDMEM3MTQzAA==","message_status":"accepted"}]}}
[2026-04-05 09:49:13] WhatsApp OTP sent successfully | {"http_code":200,"resp":{"messaging_product":"whatsapp","contacts":[{"input":"919096463943","wa_id":"919096463943"}],"messages":[{"id":"wamid.HBgMOTE5MDk2NDYzOTQzFQIAERgSRTMwQjY5NzVCMENBMDU1QTIzAA==","message_status":"accepted"}]}}
[2026-04-05 15:23:51] WhatsApp OTP sent successfully | {"http_code":200,"resp":{"messaging_product":"whatsapp","contacts":[{"input":"919130831517","wa_id":"919130831517"}],"messages":[{"id":"wamid.HBgMOTE5MTMwODMxNTE3FQIAERgSMThDQzdDMUExMUY3RDg5MDI0AA==","message_status":"accepted"}]}}
[2026-04-06 03:51:27] WhatsApp OTP sent successfully | {"http_code":200,"resp":{"messaging_product":"whatsapp","contacts":[{"input":"919130831517","wa_id":"919130831517"}],"messages":[{"id":"wamid.HBgMOTE5MTMwODMxNTE3FQIAERgSRjIyRUY1MDdEMDhBNUU5QzA3AA==","message_status":"accepted"}]}}
[2026-04-06 12:02:40] WhatsApp OTP sent successfully | {"http_code":200,"resp":{"messaging_product":"whatsapp","contacts":[{"input":"919130831517","wa_id":"919130831517"}],"messages":[{"id":"wamid.HBgMOTE5MTMwODMxNTE3FQIAERgSNjE0QkRERjA1Q0U5MTdBNTFFAA==","message_status":"accepted"}]}}
[2026-04-06 12:03:44] WhatsApp OTP sent successfully | {"http_code":200,"resp":{"messaging_product":"whatsapp","contacts":[{"input":"919130831517","wa_id":"919130831517"}],"messages":[{"id":"wamid.HBgMOTE5MTMwODMxNTE3FQIAERgSRTdERjQ1ODU3QjQzMjJCQjBFAA==","message_status":"accepted"}]}}
[2026-04-06 12:05:03] WhatsApp OTP sent successfully | {"http_code":200,"resp":{"messaging_product":"whatsapp","contacts":[{"input":"919130831517","wa_id":"919130831517"}],"messages":[{"id":"wamid.HBgMOTE5MTMwODMxNTE3FQIAERgSNjcxNDI3RUE3Mzk1NzI0MDU3AA==","message_status":"accepted"}]}}
[2026-04-06 12:05:30] WhatsApp OTP sent successfully | {"http_code":200,"resp":{"messaging_product":"whatsapp","contacts":[{"input":"919130831517","wa_id":"919130831517"}],"messages":[{"id":"wamid.HBgMOTE5MTMwODMxNTE3FQIAERgSRDVDNDA1MjBCMTNCRTAzNDZDAA==","message_status":"accepted"}]}}
[2026-04-06 12:06:33] WhatsApp OTP sent successfully | {"http_code":200,"resp":{"messaging_product":"whatsapp","contacts":[{"input":"919130831517","wa_id":"919130831517"}],"messages":[{"id":"wamid.HBgMOTE5MTMwODMxNTE3FQIAERgSMDdENkE3ODlDODYwRDIxRDgzAA==","message_status":"accepted"}]}}
[2026-04-06 12:07:41] WhatsApp OTP sent successfully | {"http_code":200,"resp":{"messaging_product":"whatsapp","contacts":[{"input":"919130831517","wa_id":"919130831517"}],"messages":[{"id":"wamid.HBgMOTE5MTMwODMxNTE3FQIAERgSNjBEQUMwMDVCREZCNzVDQjZEAA==","message_status":"accepted"}]}}
[2026-04-07 04:09:20] WhatsApp OTP sent successfully | {"http_code":200,"resp":{"messaging_product":"whatsapp","contacts":[{"input":"919130831517","wa_id":"919130831517"}],"messages":[{"id":"wamid.HBgMOTE5MTMwODMxNTE3FQIAERgSQTJEMjc1QjI1NTM5NDRBRjZFAA==","message_status":"accepted"}]}}
[2026-04-07 10:59:50] WhatsApp OTP sent successfully | {"http_code":200,"resp":{"messaging_product":"whatsapp","contacts":[{"input":"919130831517","wa_id":"919130831517"}],"messages":[{"id":"wamid.HBgMOTE5MTMwODMxNTE3FQIAERgSMTdGQzg5RkFDQjEyMjQ0NDUxAA==","message_status":"accepted"}]}}
[2026-04-08 04:34:38] WhatsApp OTP sent successfully | {"http_code":200,"resp":{"messaging_product":"whatsapp","contacts":[{"input":"919130831517","wa_id":"919130831517"}],"messages":[{"id":"wamid.HBgMOTE5MTMwODMxNTE3FQIAERgSNTc0NTJENzkwNjA4ODU0OUE2AA==","message_status":"accepted"}]}}
[2026-04-08 09:16:58] WhatsApp OTP sent successfully | {"http_code":200,"resp":{"messaging_product":"whatsapp","contacts":[{"input":"919130831517","wa_id":"919130831517"}],"messages":[{"id":"wamid.HBgMOTE5MTMwODMxNTE3FQIAERgSMzQ1RENDRjNEM0FEN0EzOTQxAA==","message_status":"accepted"}]}}
[2026-04-08 12:04:03] WhatsApp OTP sent successfully | {"http_code":200,"resp":{"messaging_product":"whatsapp","contacts":[{"input":"919130831517","wa_id":"919130831517"}],"messages":[{"id":"wamid.HBgMOTE5MTMwODMxNTE3FQIAERgSNEJBMDFEMUU4QUYzQjFGREY5AA==","message_status":"accepted"}]}}
[2026-04-08 14:36:31] WhatsApp OTP sent successfully | {"http_code":200,"resp":{"messaging_product":"whatsapp","contacts":[{"input":"919096463943","wa_id":"919096463943"}],"messages":[{"id":"wamid.HBgMOTE5MDk2NDYzOTQzFQIAERgSRTkzMTFEOUVEOEE0MUIzQzdGAA==","message_status":"accepted"}]}}
[2026-04-08 17:20:50] WhatsApp OTP sent successfully | {"http_code":200,"resp":{"messaging_product":"whatsapp","contacts":[{"input":"919130831517","wa_id":"919130831517"}],"messages":[{"id":"wamid.HBgMOTE5MTMwODMxNTE3FQIAERgSMEZDRTU4MjJDRTk3QUM3OTBGAA==","message_status":"accepted"}]}}
[2026-04-09 08:02:58] WhatsApp OTP sent successfully | {"http_code":200,"resp":{"messaging_product":"whatsapp","contacts":[{"input":"919130831517","wa_id":"919130831517"}],"messages":[{"id":"wamid.HBgMOTE5MTMwODMxNTE3FQIAERgSQkRFQjgxMEYxNDgzOTUzMUEzAA==","message_status":"accepted"}]}}
[2026-04-10 04:08:19] WhatsApp OTP sent successfully | {"http_code":200,"resp":{"messaging_product":"whatsapp","contacts":[{"input":"919130831517","wa_id":"919130831517"}],"messages":[{"id":"wamid.HBgMOTE5MTMwODMxNTE3FQIAERgSNzQxRUU5MjE0NDg0QzQyRDgzAA==","message_status":"accepted"}]}}
[2026-04-10 06:33:42] WhatsApp OTP sent successfully | {"http_code":200,"resp":{"messaging_product":"whatsapp","contacts":[{"input":"919130831517","wa_id":"919130831517"}],"messages":[{"id":"wamid.HBgMOTE5MTMwODMxNTE3FQIAERgSQTY0NTA2MjA0MzBCMzBDNEM3AA==","message_status":"accepted"}]}}
[2026-04-10 13:12:18] WhatsApp OTP sent successfully | {"http_code":200,"resp":{"messaging_product":"whatsapp","contacts":[{"input":"919130831517","wa_id":"919130831517"}],"messages":[{"id":"wamid.HBgMOTE5MTMwODMxNTE3FQIAERgSQjg5MzA0QjQzOTA5NzU5Q0VDAA==","message_status":"accepted"}]}}
[2026-04-11 05:23:53] WhatsApp OTP sent successfully | {"http_code":200,"resp":{"messaging_product":"whatsapp","contacts":[{"input":"919130831517","wa_id":"919130831517"}],"messages":[{"id":"wamid.HBgMOTE5MTMwODMxNTE3FQIAERgSMzA3MDk0QTc0NjcyNzNFNjlFAA==","message_status":"accepted"}]}}
[2026-04-11 06:47:53] WhatsApp OTP sent successfully | {"http_code":200,"resp":{"messaging_product":"whatsapp","contacts":[{"input":"919130831517","wa_id":"919130831517"}],"messages":[{"id":"wamid.HBgMOTE5MTMwODMxNTE3FQIAERgSQzZDMjEzNTBGMjYzNjA2MTYxAA==","message_status":"accepted"}]}}
[2026-04-11 08:05:18] WhatsApp OTP sent successfully | {"http_code":200,"resp":{"messaging_product":"whatsapp","contacts":[{"input":"919130831517","wa_id":"919130831517"}],"messages":[{"id":"wamid.HBgMOTE5MTMwODMxNTE3FQIAERgSRTJENjU3OTdBMTA1NzVDRENFAA==","message_status":"accepted"}]}}
[2026-04-11 10:34:51] WhatsApp OTP sent successfully | {"http_code":200,"resp":{"messaging_product":"whatsapp","contacts":[{"input":"919130831517","wa_id":"919130831517"}],"messages":[{"id":"wamid.HBgMOTE5MTMwODMxNTE3FQIAERgSNEVBRUIwNUFCOUE2MzUwNDFGAA==","message_status":"accepted"}]}}
[2026-04-11 15:43:43] WhatsApp OTP sent successfully | {"http_code":200,"resp":{"messaging_product":"whatsapp","contacts":[{"input":"919130831517","wa_id":"919130831517"}],"messages":[{"id":"wamid.HBgMOTE5MTMwODMxNTE3FQIAERgSQjc4MjQ0MzY3NEY4REQ4NjRCAA==","message_status":"accepted"}]}}
[2026-04-12 08:22:18] WhatsApp OTP sent successfully | {"http_code":200,"resp":{"messaging_product":"whatsapp","contacts":[{"input":"919130831517","wa_id":"919130831517"}],"messages":[{"id":"wamid.HBgMOTE5MTMwODMxNTE3FQIAERgSNzVBNTcyRTk5N0UwREUwMjA5AA==","message_status":"accepted"}]}}
[2026-04-12 15:03:37] WhatsApp OTP sent successfully | {"http_code":200,"resp":{"messaging_product":"whatsapp","contacts":[{"input":"919130831517","wa_id":"919130831517"}],"messages":[{"id":"wamid.HBgMOTE5MTMwODMxNTE3FQIAERgSQUQ4NDdBRDU4ODY5NDRBOTY5AA==","message_status":"accepted"}]}}
[2026-04-13 04:20:15] WhatsApp OTP sent successfully | {"http_code":200,"resp":{"messaging_product":"whatsapp","contacts":[{"input":"919130831517","wa_id":"919130831517"}],"messages":[{"id":"wamid.HBgMOTE5MTMwODMxNTE3FQIAERgSQjI0OTgwRjBDMkZENUVDODlGAA==","message_status":"accepted"}]}}
[2026-04-13 15:28:33] WhatsApp OTP sent successfully | {"http_code":200,"resp":{"messaging_product":"whatsapp","contacts":[{"input":"919130831517","wa_id":"919130831517"}],"messages":[{"id":"wamid.HBgMOTE5MTMwODMxNTE3FQIAERgSODc0MUIzRjgwNjUwRUJFMzY2AA==","message_status":"accepted"}]}}
[2026-04-14 04:15:13] WhatsApp OTP sent successfully | {"http_code":200,"resp":{"messaging_product":"whatsapp","contacts":[{"input":"919130831517","wa_id":"919130831517"}],"messages":[{"id":"wamid.HBgMOTE5MTMwODMxNTE3FQIAERgSMzI1RDUxMURCODM5OUNBOTRDAA==","message_status":"accepted"}]}}
[2026-04-14 17:56:17] WhatsApp OTP sent successfully | {"http_code":200,"resp":{"messaging_product":"whatsapp","contacts":[{"input":"919130831517","wa_id":"919130831517"}],"messages":[{"id":"wamid.HBgMOTE5MTMwODMxNTE3FQIAERgSNzdFNENBMTFCOURBMzFCQzY1AA==","message_status":"accepted"}]}}
[2026-04-15 06:59:32] WhatsApp OTP sent successfully | {"http_code":200,"resp":{"messaging_product":"whatsapp","contacts":[{"input":"919130831517","wa_id":"919130831517"}],"messages":[{"id":"wamid.HBgMOTE5MTMwODMxNTE3FQIAERgSNTc0NEU1RjMzODhBQTc4QjhEAA==","message_status":"accepted"}]}}
[2026-04-15 15:11:37] WhatsApp OTP sent successfully | {"http_code":200,"resp":{"messaging_product":"whatsapp","contacts":[{"input":"919096463943","wa_id":"919096463943"}],"messages":[{"id":"wamid.HBgMOTE5MDk2NDYzOTQzFQIAERgSREIwOTk4QjU2MjlCREZBOTNDAA==","message_status":"accepted"}]}}
[2026-04-15 15:19:32] WhatsApp OTP sent successfully | {"http_code":200,"resp":{"messaging_product":"whatsapp","contacts":[{"input":"919130831517","wa_id":"919130831517"}],"messages":[{"id":"wamid.HBgMOTE5MTMwODMxNTE3FQIAERgSNkI5QTBFN0YyM0E2Qjg1RTFGAA==","message_status":"accepted"}]}}
[2026-04-15 16:45:03] WhatsApp OTP sent successfully | {"http_code":200,"resp":{"messaging_product":"whatsapp","contacts":[{"input":"919130831517","wa_id":"919130831517"}],"messages":[{"id":"wamid.HBgMOTE5MTMwODMxNTE3FQIAERgSNDVBNTEzREZBM0IzRDRCNTVFAA==","message_status":"accepted"}]}}
[2026-04-16 08:16:50] WhatsApp OTP sent successfully | {"http_code":200,"resp":{"messaging_product":"whatsapp","contacts":[{"input":"919130831517","wa_id":"919130831517"}],"messages":[{"id":"wamid.HBgMOTE5MTMwODMxNTE3FQIAERgSRTcxQkY1NjAzNkI3ODgxMzYxAA==","message_status":"accepted"}]}}
[2026-04-16 08:31:25] WhatsApp OTP sent successfully | {"http_code":200,"resp":{"messaging_product":"whatsapp","contacts":[{"input":"919130831517","wa_id":"919130831517"}],"messages":[{"id":"wamid.HBgMOTE5MTMwODMxNTE3FQIAERgSRjE3OTA0RTU5OEU5RjdGRDU2AA==","message_status":"accepted"}]}}
[2026-04-17 06:25:46] WhatsApp OTP sent successfully | {"http_code":200,"resp":{"messaging_product":"whatsapp","contacts":[{"input":"919130831517","wa_id":"919130831517"}],"messages":[{"id":"wamid.HBgMOTE5MTMwODMxNTE3FQIAERgSNDE0NjdBQTQ0OTJGMUI5NEIwAA==","message_status":"accepted"}]}}
[2026-04-17 16:55:25] WhatsApp OTP sent successfully | {"http_code":200,"resp":{"messaging_product":"whatsapp","contacts":[{"input":"919130831517","wa_id":"919130831517"}],"messages":[{"id":"wamid.HBgMOTE5MTMwODMxNTE3FQIAERgSMTM1Q0JFNzNCMDVBMEI4MTZFAA==","message_status":"accepted"}]}}
[2026-04-17 17:03:06] WhatsApp OTP sent successfully | {"http_code":200,"resp":{"messaging_product":"whatsapp","contacts":[{"input":"919130831517","wa_id":"919130831517"}],"messages":[{"id":"wamid.HBgMOTE5MTMwODMxNTE3FQIAERgSMkIzQTE3ODg3QzcyQkJDQzI1AA==","message_status":"accepted"}]}}
[2026-04-18 06:53:04] WhatsApp OTP sent successfully | {"http_code":200,"resp":{"messaging_product":"whatsapp","contacts":[{"input":"919130831517","wa_id":"919130831517"}],"messages":[{"id":"wamid.HBgMOTE5MTMwODMxNTE3FQIAERgSOEVDMDMzQzJGMzU0Q0M1MDcyAA==","message_status":"accepted"}]}}
[2026-04-18 13:13:13] WhatsApp OTP sent successfully | {"http_code":200,"resp":{"messaging_product":"whatsapp","contacts":[{"input":"919096463943","wa_id":"919096463943"}],"messages":[{"id":"wamid.HBgMOTE5MDk2NDYzOTQzFQIAERgSRkY5NkUzODcyMDM4MDNBRDExAA==","message_status":"accepted"}]}}
[2026-04-18 14:47:54] WhatsApp OTP sent successfully | {"http_code":200,"resp":{"messaging_product":"whatsapp","contacts":[{"input":"919096463943","wa_id":"919096463943"}],"messages":[{"id":"wamid.HBgMOTE5MDk2NDYzOTQzFQIAERgSMzc4QzI3RDBBRjNGODM5RjkyAA==","message_status":"accepted"}]}}
[2026-04-19 03:45:53] WhatsApp OTP sent successfully | {"http_code":200,"resp":{"messaging_product":"whatsapp","contacts":[{"input":"919130831517","wa_id":"919130831517"}],"messages":[{"id":"wamid.HBgMOTE5MTMwODMxNTE3FQIAERgSNzAwOUU1MEI3MThDN0NDMzMzAA==","message_status":"accepted"}]}}
[2026-04-20 06:48:29] WhatsApp OTP sent successfully | {"http_code":200,"resp":{"messaging_product":"whatsapp","contacts":[{"input":"919130831517","wa_id":"919130831517"}],"messages":[{"id":"wamid.HBgMOTE5MTMwODMxNTE3FQIAERgSQzJDREY5QzkxRjZGNzhFNzM0AA==","message_status":"accepted"}]}}
[2026-04-21 03:23:30] WhatsApp OTP sent successfully | {"http_code":200,"resp":{"messaging_product":"whatsapp","contacts":[{"input":"919130831517","wa_id":"919130831517"}],"messages":[{"id":"wamid.HBgMOTE5MTMwODMxNTE3FQIAERgSNzNFMzFCM0MwOUJGOEI3NEFEAA==","message_status":"accepted"}]}}
[2026-04-22 15:42:14] WhatsApp OTP sent successfully | {"http_code":200,"resp":{"messaging_product":"whatsapp","contacts":[{"input":"919130831517","wa_id":"919130831517"}],"messages":[{"id":"wamid.HBgMOTE5MTMwODMxNTE3FQIAERgSMEY4OTMxMUVBOENFRTc2NzUzAA==","message_status":"accepted"}]}}
[2026-04-27 10:57:22] WhatsApp OTP sent successfully | {"http_code":200,"resp":{"messaging_product":"whatsapp","contacts":[{"input":"919130831517","wa_id":"919130831517"}],"messages":[{"id":"wamid.HBgMOTE5MTMwODMxNTE3FQIAERgSOUY0RjhDMEVEODg0OUI2MEYzAA==","message_status":"accepted"}]}}
[2026-04-28 01:13:42] WhatsApp OTP sent successfully | {"http_code":200,"resp":{"messaging_product":"whatsapp","contacts":[{"input":"919130831517","wa_id":"919130831517"}],"messages":[{"id":"wamid.HBgMOTE5MTMwODMxNTE3FQIAERgSNzExMkI3MjNDQzdEQzM3NDMxAA==","message_status":"accepted"}]}}
[2026-04-30 10:55:21] WhatsApp OTP sent successfully | {"http_code":200,"resp":{"messaging_product":"whatsapp","contacts":[{"input":"919130831517","wa_id":"919130831517"}],"messages":[{"id":"wamid.HBgMOTE5MTMwODMxNTE3FQIAERgSQTVFODUyQkRGNzhCRjMzOERFAA==","message_status":"accepted"}]}}
[2026-05-03 03:39:12] WhatsApp OTP sent successfully | {"http_code":200,"resp":{"messaging_product":"whatsapp","contacts":[{"input":"919130831517","wa_id":"919130831517"}],"messages":[{"id":"wamid.HBgMOTE5MTMwODMxNTE3FQIAERgSQTRGMTg5QzE4OTYyMUYxNDk5AA==","message_status":"accepted"}]}}
[2026-05-05 04:10:01] WhatsApp OTP sent successfully | {"http_code":200,"resp":{"messaging_product":"whatsapp","contacts":[{"input":"919096463943","wa_id":"919096463943"}],"messages":[{"id":"wamid.HBgMOTE5MDk2NDYzOTQzFQIAERgSQ0YxRDEyRDYwMzQ3QzYwNzE5AA==","message_status":"accepted"}]}}
[2026-05-05 10:46:44] WhatsApp OTP sent successfully | {"http_code":200,"resp":{"messaging_product":"whatsapp","contacts":[{"input":"919130831517","wa_id":"919130831517"}],"messages":[{"id":"wamid.HBgMOTE5MTMwODMxNTE3FQIAERgSQzU5RDRENkQ2RENBOUUzOTFEAA==","message_status":"accepted"}]}}
[2026-05-06 06:44:36] WhatsApp OTP sent successfully | {"http_code":200,"resp":{"messaging_product":"whatsapp","contacts":[{"input":"919130831517","wa_id":"919130831517"}],"messages":[{"id":"wamid.HBgMOTE5MTMwODMxNTE3FQIAERgSNTczN0I0NUUyMURBRjNDMTk3AA==","message_status":"accepted"}]}}
[2026-05-07 05:39:14] WhatsApp OTP sent successfully | {"http_code":200,"resp":{"messaging_product":"whatsapp","contacts":[{"input":"919130831517","wa_id":"919130831517"}],"messages":[{"id":"wamid.HBgMOTE5MTMwODMxNTE3FQIAERgSOTZCRDhEQjA5REIyRkM3RjA3AA==","message_status":"accepted"}]}}
[2026-05-08 05:46:12] WhatsApp OTP sent successfully | {"http_code":200,"resp":{"messaging_product":"whatsapp","contacts":[{"input":"919130831517","wa_id":"919130831517"}],"messages":[{"id":"wamid.HBgMOTE5MTMwODMxNTE3FQIAERgSMTNFMzczNTE2RkMwRDQzRUUzAA==","message_status":"accepted"}]}}
[2026-05-10 06:02:13] WhatsApp OTP sent successfully | {"http_code":200,"resp":{"messaging_product":"whatsapp","contacts":[{"input":"919130831517","wa_id":"919130831517"}],"messages":[{"id":"wamid.HBgMOTE5MTMwODMxNTE3FQIAERgSNDg2MEYyREE5RTMxMDIwRTk0AA==","message_status":"accepted"}]}}
[2026-05-11 07:55:57] WhatsApp OTP sent successfully | {"http_code":200,"resp":{"messaging_product":"whatsapp","contacts":[{"input":"919130831517","wa_id":"919130831517"}],"messages":[{"id":"wamid.HBgMOTE5MTMwODMxNTE3FQIAERgSNzYxMTJEREE5M0E4ODY2Qjk4AA==","message_status":"accepted"}]}}
[2026-05-12 11:56:16] WhatsApp OTP sent successfully | {"http_code":200,"resp":{"messaging_product":"whatsapp","contacts":[{"input":"919130831517","wa_id":"919130831517"}],"messages":[{"id":"wamid.HBgMOTE5MTMwODMxNTE3FQIAERgSQTEyMEE5NzFCNTE4Rjc1RkMyAA==","message_status":"accepted"}]}}
[2026-05-14 12:34:34] WhatsApp OTP sent successfully | {"http_code":200,"resp":{"messaging_product":"whatsapp","contacts":[{"input":"919130831517","wa_id":"919130831517"}],"messages":[{"id":"wamid.HBgMOTE5MTMwODMxNTE3FQIAERgSRkQ3N0UwQ0E5NEIyMDQ3M0JEAA==","message_status":"accepted"}]}}
[2026-05-20 05:56:29] WhatsApp OTP sent successfully | {"http_code":200,"resp":{"messaging_product":"whatsapp","contacts":[{"input":"919130831517","wa_id":"919130831517"}],"messages":[{"id":"wamid.HBgMOTE5MTMwODMxNTE3FQIAERgSMjhBMjBEMTYxQTFDNjYxMEQ5AA==","message_status":"accepted"}]}}
[2026-05-20 09:21:11] WhatsApp OTP sent successfully | {"http_code":200,"resp":{"messaging_product":"whatsapp","contacts":[{"input":"919130831517","wa_id":"919130831517"}],"messages":[{"id":"wamid.HBgMOTE5MTMwODMxNTE3FQIAERgSQjFEMTAwMUU0MzUwNjJEMTBEAA==","message_status":"accepted"}]}}
[2026-05-22 08:21:20] WhatsApp OTP sent successfully | {"http_code":200,"resp":{"messaging_product":"whatsapp","contacts":[{"input":"919130831517","wa_id":"919130831517"}],"messages":[{"id":"wamid.HBgMOTE5MTMwODMxNTE3FQIAERgSRjkxNTg2OEI4OEE5RTIwQ0M0AA==","message_status":"accepted"}]}}
[2026-05-22 15:11:46] WhatsApp OTP sent successfully | {"http_code":200,"resp":{"messaging_product":"whatsapp","contacts":[{"input":"919130831517","wa_id":"919130831517"}],"messages":[{"id":"wamid.HBgMOTE5MTMwODMxNTE3FQIAERgSRjdCMkZENzdBRjc5MkM0NkVDAA==","message_status":"accepted"}]}}
[2026-05-25 05:07:48] WhatsApp OTP sent successfully | {"http_code":200,"resp":{"messaging_product":"whatsapp","contacts":[{"input":"919130831517","wa_id":"919130831517"}],"messages":[{"id":"wamid.HBgMOTE5MTMwODMxNTE3FQIAERgSNTI4MDU3RUYxREJCMzc0NzM3AA==","message_status":"accepted"}]}}
[2026-05-25 10:03:37] WhatsApp OTP sent successfully | {"http_code":200,"resp":{"messaging_product":"whatsapp","contacts":[{"input":"919130831517","wa_id":"919130831517"}],"messages":[{"id":"wamid.HBgMOTE5MTMwODMxNTE3FQIAERgSMjcwREYzMjk0QjRBQzkxNkVDAA==","message_status":"accepted"}]}}
[2026-06-01 03:25:13] WhatsApp OTP sent successfully | {"http_code":200,"resp":{"messaging_product":"whatsapp","contacts":[{"input":"919130831517","wa_id":"919130831517"}],"messages":[{"id":"wamid.HBgMOTE5MTMwODMxNTE3FQIAERgSQjU1RjU1ODI5NTEzOTBGRTRCAA==","message_status":"accepted"}]}}
[2026-06-05 06:53:30] WhatsApp OTP sent successfully | {"http_code":200,"resp":{"messaging_product":"whatsapp","contacts":[{"input":"919130831517","wa_id":"919130831517"}],"messages":[{"id":"wamid.HBgMOTE5MTMwODMxNTE3FQIAERgSNzYxOTZDRjA4QkExQzRCRTIyAA==","message_status":"accepted"}]}}
[2026-06-05 08:03:09] WhatsApp OTP sent successfully | {"http_code":200,"resp":{"messaging_product":"whatsapp","contacts":[{"input":"919130831517","wa_id":"919130831517"}],"messages":[{"id":"wamid.HBgMOTE5MTMwODMxNTE3FQIAERgSMDhFM0NDQkREMkYzRjEwNUU2AA==","message_status":"accepted"}]}}
[2026-06-05 11:27:53] WhatsApp OTP sent successfully | {"http_code":200,"resp":{"messaging_product":"whatsapp","contacts":[{"input":"919130831517","wa_id":"919130831517"}],"messages":[{"id":"wamid.HBgMOTE5MTMwODMxNTE3FQIAERgSQjk3MDdFMkMzNEZCMDUwNTcyAA==","message_status":"accepted"}]}}
[2026-06-06 07:32:09] WhatsApp OTP sent successfully | {"http_code":200,"resp":{"messaging_product":"whatsapp","contacts":[{"input":"919130831517","wa_id":"919130831517"}],"messages":[{"id":"wamid.HBgMOTE5MTMwODMxNTE3FQIAERgSOEVFQjhCRjk1MkVDNjAzRUEwAA==","message_status":"accepted"}]}}
[2026-06-06 11:35:04] WhatsApp OTP sent successfully | {"http_code":200,"resp":{"messaging_product":"whatsapp","contacts":[{"input":"919130831517","wa_id":"919130831517"}],"messages":[{"id":"wamid.HBgMOTE5MTMwODMxNTE3FQIAERgSOUE5MDdENjdFQzVGRTFEMjQzAA==","message_status":"accepted"}]}}
[2026-06-08 07:28:58] WhatsApp OTP sent successfully | {"http_code":200,"resp":{"messaging_product":"whatsapp","contacts":[{"input":"919130831517","wa_id":"919130831517"}],"messages":[{"id":"wamid.HBgMOTE5MTMwODMxNTE3FQIAERgSRUZERkZDQjY2MkFBODFGREIxAA==","message_status":"accepted"}]}}
[2026-06-08 07:51:28] WhatsApp OTP sent successfully | {"http_code":200,"resp":{"messaging_product":"whatsapp","contacts":[{"input":"919130831517","wa_id":"919130831517"}],"messages":[{"id":"wamid.HBgMOTE5MTMwODMxNTE3FQIAERgSNjczRjFBMzhCNDYwMjIzMzQzAA==","message_status":"accepted"}]}}
[2026-06-08 10:13:01] WhatsApp OTP sent successfully | {"http_code":200,"resp":{"messaging_product":"whatsapp","contacts":[{"input":"919130831517","wa_id":"919130831517"}],"messages":[{"id":"wamid.HBgMOTE5MTMwODMxNTE3FQIAERgSNDE2NTM4NDI3RjA5NDEwRkJFAA==","message_status":"accepted"}]}}
[2026-06-09 07:41:58] WhatsApp OTP sent successfully | {"http_code":200,"resp":{"messaging_product":"whatsapp","contacts":[{"input":"919130831517","wa_id":"919130831517"}],"messages":[{"id":"wamid.HBgMOTE5MTMwODMxNTE3FQIAERgSQjRCNzU4NzM1MjdDMTcxNURDAA==","message_status":"accepted"}]}}
[2026-06-09 10:43:14] WhatsApp OTP sent successfully | {"http_code":200,"resp":{"messaging_product":"whatsapp","contacts":[{"input":"919130831517","wa_id":"919130831517"}],"messages":[{"id":"wamid.HBgMOTE5MTMwODMxNTE3FQIAERgSNEVGNDZFNzI3QTg5MzMwRjk5AA==","message_status":"accepted"}]}}
[2026-06-10 07:59:34] WhatsApp OTP sent successfully | {"http_code":200,"resp":{"messaging_product":"whatsapp","contacts":[{"input":"919130831517","wa_id":"919130831517"}],"messages":[{"id":"wamid.HBgMOTE5MTMwODMxNTE3FQIAERgSRTg2M0IxNjAzOUIzNDdEQUU3AA==","message_status":"accepted"}]}}
[2026-06-10 12:09:29] WhatsApp OTP sent successfully | {"http_code":200,"resp":{"messaging_product":"whatsapp","contacts":[{"input":"919130831517","wa_id":"919130831517"}],"messages":[{"id":"wamid.HBgMOTE5MTMwODMxNTE3FQIAERgSRjg2RDAyQzFCNURCNzc0NUY0AA==","message_status":"accepted"}]}}
[2026-06-10 15:55:08] WhatsApp OTP sent successfully | {"http_code":200,"resp":{"messaging_product":"whatsapp","contacts":[{"input":"919130831517","wa_id":"919130831517"}],"messages":[{"id":"wamid.HBgMOTE5MTMwODMxNTE3FQIAERgSRUUyREUwNjY2MUZBNEI5NEY5AA==","message_status":"accepted"}]}}
[2026-06-15 07:38:25] WhatsApp OTP sent successfully | {"http_code":200,"resp":{"messaging_product":"whatsapp","contacts":[{"input":"919130831517","wa_id":"919130831517"}],"messages":[{"id":"wamid.HBgMOTE5MTMwODMxNTE3FQIAERgSNjMyMDM1MjEyODEzQTk2QzI0AA==","message_status":"accepted"}]}}
[2026-06-16 07:47:39] WhatsApp OTP sent successfully | {"http_code":200,"resp":{"messaging_product":"whatsapp","contacts":[{"input":"919130831517","wa_id":"919130831517"}],"messages":[{"id":"wamid.HBgMOTE5MTMwODMxNTE3FQIAERgSQjlFMkFBNjFDQkVGRUYyRERDAA==","message_status":"accepted"}]}}
[2026-06-16 09:48:59] WhatsApp OTP sent successfully | {"http_code":200,"resp":{"messaging_product":"whatsapp","contacts":[{"input":"919130831517","wa_id":"919130831517"}],"messages":[{"id":"wamid.HBgMOTE5MTMwODMxNTE3FQIAERgSNzhENEQxMTJDODJFNEExM0VFAA==","message_status":"accepted"}]}}
[2026-06-17 07:36:01] WhatsApp OTP sent successfully | {"http_code":200,"resp":{"messaging_product":"whatsapp","contacts":[{"input":"919130831517","wa_id":"919130831517"}],"messages":[{"id":"wamid.HBgMOTE5MTMwODMxNTE3FQIAERgSREVGOTdFMDM1RUVGRkFBMzREAA==","message_status":"accepted"}]}}
[2026-06-18 06:34:16] WhatsApp OTP sent successfully | {"http_code":200,"resp":{"messaging_product":"whatsapp","contacts":[{"input":"919130831517","wa_id":"919130831517"}],"messages":[{"id":"wamid.HBgMOTE5MTMwODMxNTE3FQIAERgSMjdCOUI0ODZDOUM1OTcwOEYxAA==","message_status":"accepted"}]}}
[2026-06-20 07:42:24] WhatsApp OTP sent successfully | {"http_code":200,"resp":{"messaging_product":"whatsapp","contacts":[{"input":"919130831517","wa_id":"919130831517"}],"messages":[{"id":"wamid.HBgMOTE5MTMwODMxNTE3FQIAERgSMzg0MTlGRDVFMzY5MTE5NDg1AA==","message_status":"accepted"}]}}
[2026-06-22 08:33:13] WhatsApp OTP sent successfully | {"http_code":200,"resp":{"messaging_product":"whatsapp","contacts":[{"input":"919130831517","wa_id":"919130831517"}],"messages":[{"id":"wamid.HBgMOTE5MTMwODMxNTE3FQIAERgSRjRDMDhGQ0I4QTc5QzhDMkFDAA==","message_status":"accepted"}]}}
[2026-06-27 07:23:49] WhatsApp OTP sent successfully | {"http_code":200,"resp":{"messaging_product":"whatsapp","contacts":[{"input":"919130831517","wa_id":"919130831517"}],"messages":[{"id":"wamid.HBgMOTE5MTMwODMxNTE3FQIAERgSQzdDODAxRDQ3MkNGNzlFM0VEAA==","message_status":"accepted"}]}}
[2026-06-28 03:10:28] WhatsApp OTP sent successfully | {"http_code":200,"resp":{"messaging_product":"whatsapp","contacts":[{"input":"919096463943","wa_id":"919096463943"}],"messages":[{"id":"wamid.HBgMOTE5MDk2NDYzOTQzFQIAERgSQ0Y4REE4MzY5MzI0N0FFNEY2AA==","message_status":"accepted"}]}}
[2026-06-30 05:03:28] WhatsApp OTP sent successfully | {"http_code":200,"resp":{"messaging_product":"whatsapp","contacts":[{"input":"919130831517","wa_id":"919130831517"}],"messages":[{"id":"wamid.HBgMOTE5MTMwODMxNTE3FQIAERgSODM2REE1Q0FGRTFEMkU2NkIwAA==","message_status":"accepted"}]}}
[2026-07-02 09:53:48] WhatsApp OTP sent successfully | {"http_code":200,"resp":{"messaging_product":"whatsapp","contacts":[{"input":"919130831517","wa_id":"919130831517"}],"messages":[{"id":"wamid.HBgMOTE5MTMwODMxNTE3FQIAERgSMDc1NUIyRjVDRjVFRDk3NjBGAA==","message_status":"accepted"}]}}
[2026-07-07 05:51:48] WhatsApp OTP sent successfully | {"http_code":200,"resp":{"messaging_product":"whatsapp","contacts":[{"input":"919130831517","wa_id":"919130831517"}],"messages":[{"id":"wamid.HBgMOTE5MTMwODMxNTE3FQIAERgSN0FEMEMzQkM3RkMyMTU5ODA1AA==","message_status":"accepted"}]}}
[2026-07-10 10:08:47] WhatsApp OTP sent successfully | {"http_code":200,"resp":{"messaging_product":"whatsapp","contacts":[{"input":"919130831517","wa_id":"919130831517"}],"messages":[{"id":"wamid.HBgMOTE5MTMwODMxNTE3FQIAERgSMzk2NzA5OTFFNEQ1NTlGQzQ4AA==","message_status":"accepted"}]}}
[2026-07-11 07:38:44] WhatsApp OTP sent successfully | {"http_code":200,"resp":{"messaging_product":"whatsapp","contacts":[{"input":"919130831517","wa_id":"919130831517"}],"messages":[{"id":"wamid.HBgMOTE5MTMwODMxNTE3FQIAERgSNDQxMkREMURCMEI2RUJGRjg3AA==","message_status":"accepted"}]}}
[2026-07-11 09:56:00] WhatsApp OTP sent successfully | {"http_code":200,"resp":{"messaging_product":"whatsapp","contacts":[{"input":"919130831517","wa_id":"919130831517"}],"messages":[{"id":"wamid.HBgMOTE5MTMwODMxNTE3FQIAERgSOTUyNjIwOTUyMDlCQ0FFRUMyAA==","message_status":"accepted"}]}}
[2026-07-14 04:56:15] WhatsApp OTP sent successfully | {"http_code":200,"resp":{"messaging_product":"whatsapp","contacts":[{"input":"919130831517","wa_id":"919130831517"}],"messages":[{"id":"wamid.HBgMOTE5MTMwODMxNTE3FQIAERgSODQwNUQxRjkyQUIwRjNFQ0Q0AA==","message_status":"accepted"}]}}
[2026-07-17 06:11:20] WhatsApp OTP sent successfully | {"http_code":200,"resp":{"messaging_product":"whatsapp","contacts":[{"input":"919130831517","wa_id":"919130831517"}],"messages":[{"id":"wamid.HBgMOTE5MTMwODMxNTE3FQIAERgSMkYyOTJENzA2M0JGOEM1OEFEAA==","message_status":"accepted"}]}}
[2026-07-28 07:43:07] WhatsApp OTP sent successfully | {"http_code":200,"resp":{"messaging_product":"whatsapp","contacts":[{"input":"919130831517","wa_id":"919130831517"}],"messages":[{"id":"wamid.HBgMOTE5MTMwODMxNTE3FQIAERgSMjJCODkyMjhBNjM1RTgwOTY2AA==","message_status":"accepted"}]}}
[2026-07-28 07:45:00] WhatsApp OTP sent successfully | {"http_code":200,"resp":{"messaging_product":"whatsapp","contacts":[{"input":"919130831517","wa_id":"919130831517"}],"messages":[{"id":"wamid.HBgMOTE5MTMwODMxNTE3FQIAERgSOURFMjhCQUVGMTVBMzRGN0Q2AA==","message_status":"accepted"}]}}
[2026-07-28 07:47:01] WhatsApp OTP sent successfully | {"http_code":200,"resp":{"messaging_product":"whatsapp","contacts":[{"input":"919130831517","wa_id":"919130831517"}],"messages":[{"id":"wamid.HBgMOTE5MTMwODMxNTE3FQIAERgSMTMzODYyRTYwRjk0MTI3MzUwAA==","message_status":"accepted"}]}}
[2026-08-02 14:10:55] WhatsApp OTP sent successfully | {"http_code":200,"resp":{"messaging_product":"whatsapp","contacts":[{"input":"919130831517","wa_id":"919130831517"}],"messages":[{"id":"wamid.HBgMOTE5MTMwODMxNTE3FQIAERgSMzhDQzVEQzUwMTlCMTVCNEQyAA==","message_status":"accepted"}]}}
[2026-08-03 05:13:18] WhatsApp OTP sent successfully | {"http_code":200,"resp":{"messaging_product":"whatsapp","contacts":[{"input":"919130831517","wa_id":"919130831517"}],"messages":[{"id":"wamid.HBgMOTE5MTMwODMxNTE3FQIAERgSMjk1NDZENDEwMTc2MTEyMDYxAA==","message_status":"accepted"}]}}
[2026-08-03 07:18:14] WhatsApp OTP sent successfully | {"http_code":200,"resp":{"messaging_product":"whatsapp","contacts":[{"input":"919130831517","wa_id":"919130831517"}],"messages":[{"id":"wamid.HBgMOTE5MTMwODMxNTE3FQIAERgSM0YxMDlCRUNDRUYwQzlERUUyAA==","message_status":"accepted"}]}}
[2026-08-04 05:51:23] WhatsApp OTP sent successfully | {"http_code":200,"resp":{"messaging_product":"whatsapp","contacts":[{"input":"919130831517","wa_id":"919130831517"}],"messages":[{"id":"wamid.HBgMOTE5MTMwODMxNTE3FQIAERgSQ0U5RDI5QjdERThFQTU2NDUzAA==","message_status":"accepted"}]}}
[2026-08-04 09:29:23] WhatsApp OTP sent successfully | {"http_code":200,"resp":{"messaging_product":"whatsapp","contacts":[{"input":"919130831517","wa_id":"919130831517"}],"messages":[{"id":"wamid.HBgMOTE5MTMwODMxNTE3FQIAERgSRDA2MDYwOTJFRjZCNzU0M0M1AA==","message_status":"accepted"}]}}
[2026-08-04 13:18:03] WhatsApp OTP sent successfully | {"http_code":200,"resp":{"messaging_product":"whatsapp","contacts":[{"input":"919096463943","wa_id":"919096463943"}],"messages":[{"id":"wamid.HBgMOTE5MDk2NDYzOTQzFQIAERgSQzlCRkMwRkFGQUI1ODJGN0VGAA==","message_status":"accepted"}]}}
[2026-08-05 11:08:39] WhatsApp OTP sent successfully | {"http_code":200,"resp":{"messaging_product":"whatsapp","contacts":[{"input":"919130831517","wa_id":"919130831517"}],"messages":[{"id":"wamid.HBgMOTE5MTMwODMxNTE3FQIAERgSNURGQzM1RDg5OUQ1REUyOTY2AA==","message_status":"accepted"}]}}
[2026-08-06 04:44:27] WhatsApp OTP sent successfully | {"http_code":200,"resp":{"messaging_product":"whatsapp","contacts":[{"input":"919130831517","wa_id":"919130831517"}],"messages":[{"id":"wamid.HBgMOTE5MTMwODMxNTE3FQIAERgSNUNFOEM0RTBBRkIwQ0E5Q0Y5AA==","message_status":"accepted"}]}}
[2026-08-06 06:08:57] WhatsApp OTP sent successfully | {"http_code":200,"resp":{"messaging_product":"whatsapp","contacts":[{"input":"919130831517","wa_id":"919130831517"}],"messages":[{"id":"wamid.HBgMOTE5MTMwODMxNTE3FQIAERgSRjNEMEI4MDQ4OTIyQzgzMTRFAA==","message_status":"accepted"}]}}
[2026-08-06 12:07:06] WhatsApp OTP sent successfully | {"http_code":200,"resp":{"messaging_product":"whatsapp","contacts":[{"input":"919130831517","wa_id":"919130831517"}],"messages":[{"id":"wamid.HBgMOTE5MTMwODMxNTE3FQIAERgSQzdEOEE5OURCQURCQjJBRUFGAA==","message_status":"accepted"}]}}
[2026-08-07 04:42:15] WhatsApp OTP sent successfully | {"http_code":200,"resp":{"messaging_product":"whatsapp","contacts":[{"input":"919130831517","wa_id":"919130831517"}],"messages":[{"id":"wamid.HBgMOTE5MTMwODMxNTE3FQIAERgSOUYyM0Y2NzRFQzgzRUJGQUMzAA==","message_status":"accepted"}]}}
[2026-08-07 04:43:27] WhatsApp OTP sent successfully | {"http_code":200,"resp":{"messaging_product":"whatsapp","contacts":[{"input":"919130831517","wa_id":"919130831517"}],"messages":[{"id":"wamid.HBgMOTE5MTMwODMxNTE3FQIAERgSQjQ1MzU3MTI4MUFEMjE3RURGAA==","message_status":"accepted"}]}}
[2026-08-07 05:10:39] WhatsApp OTP sent successfully | {"http_code":200,"resp":{"messaging_product":"whatsapp","contacts":[{"input":"919130831517","wa_id":"919130831517"}],"messages":[{"id":"wamid.HBgMOTE5MTMwODMxNTE3FQIAERgSQzA4Rjg0RkJENzQ0NDI2MzA4AA==","message_status":"accepted"}]}}
[2026-08-07 05:11:40] WhatsApp OTP sent successfully | {"http_code":200,"resp":{"messaging_product":"whatsapp","contacts":[{"input":"919130831517","wa_id":"919130831517"}],"messages":[{"id":"wamid.HBgMOTE5MTMwODMxNTE3FQIAERgSRjdDREY5NzI5NDFDMzBGMTBDAA==","message_status":"accepted"}]}}
[2026-08-08 04:56:33] WhatsApp OTP sent successfully | {"http_code":200,"resp":{"messaging_product":"whatsapp","contacts":[{"input":"919130831517","wa_id":"919130831517"}],"messages":[{"id":"wamid.HBgMOTE5MTMwODMxNTE3FQIAERgSQjlBQ0Q4QzlDMzRCRUE3MjU2AA==","message_status":"accepted"}]}}
[2026-08-10 04:47:53] WhatsApp OTP sent successfully | {"http_code":200,"resp":{"messaging_product":"whatsapp","contacts":[{"input":"919130831517","wa_id":"919130831517"}],"messages":[{"id":"wamid.HBgMOTE5MTMwODMxNTE3FQIAERgSMkEzMjY3NDFCOTFFMzk3OTJGAA==","message_status":"accepted"}]}}
[2026-08-10 06:41:47] WhatsApp OTP sent successfully | {"http_code":200,"resp":{"messaging_product":"whatsapp","contacts":[{"input":"919130831517","wa_id":"919130831517"}],"messages":[{"id":"wamid.HBgMOTE5MTMwODMxNTE3FQIAERgSRTlFRUM5NjBCMkZGNDg3NERCAA==","message_status":"accepted"}]}}
[2026-08-12 05:03:55] WhatsApp OTP sent successfully | {"http_code":200,"resp":{"messaging_product":"whatsapp","contacts":[{"input":"919130831517","wa_id":"919130831517"}],"messages":[{"id":"wamid.HBgMOTE5MTMwODMxNTE3FQIAERgSMkU2NjIxOEVGNTJDOEM3QTU1AA==","message_status":"accepted"}]}}
[2026-08-13 04:58:02] WhatsApp OTP sent successfully | {"http_code":200,"resp":{"messaging_product":"whatsapp","contacts":[{"input":"919130831517","wa_id":"919130831517"}],"messages":[{"id":"wamid.HBgMOTE5MTMwODMxNTE3FQIAERgSMzhGMDc4QkU1RTUyODE5RjEzAA==","message_status":"accepted"}]}}
[2026-08-13 09:42:37] WhatsApp OTP sent successfully | {"http_code":200,"resp":{"messaging_product":"whatsapp","contacts":[{"input":"919130831517","wa_id":"919130831517"}],"messages":[{"id":"wamid.HBgMOTE5MTMwODMxNTE3FQIAERgSRDM1NjJBNUE2QjcxRDFFM0I2AA==","message_status":"accepted"}]}}
[2026-08-14 05:03:28] WhatsApp OTP sent successfully | {"http_code":200,"resp":{"messaging_product":"whatsapp","contacts":[{"input":"919130831517","wa_id":"919130831517"}],"messages":[{"id":"wamid.HBgMOTE5MTMwODMxNTE3FQIAERgSRjcxRkQ4NTU2OEQxNEE4RDIyAA==","message_status":"accepted"}]}}
[2026-08-17 06:25:25] WhatsApp OTP sent successfully | {"http_code":200,"resp":{"messaging_product":"whatsapp","contacts":[{"input":"919130831517","wa_id":"919130831517"}],"messages":[{"id":"wamid.HBgMOTE5MTMwODMxNTE3FQIAERgSMkRCMjY0MjNGQzlGNzdCMjkwAA==","message_status":"accepted"}]}}
